id,label
2,deer
4,deer
5,frog
8,frog
10,deer
11,airplane
13,deer
14,airplane
21,airplane
28,deer
39,airplane
40,deer
43,ship
45,deer
46,deer
47,frog
53,deer
58,airplane
64,ship
66,airplane
74,ship
75,ship
79,frog
81,airplane
83,frog
84,ship
92,frog
97,airplane
98,deer
104,frog
111,deer
114,deer
125,deer
127,frog
130,frog
131,frog
133,ship
136,deer
143,deer
148,airplane
154,airplane
156,frog
162,deer
166,deer
175,frog
182,ship
184,frog
185,ship
187,airplane
191,airplane
192,deer
195,frog
199,airplane
202,airplane
209,deer
210,frog
212,airplane
213,deer
215,frog
219,frog
220,ship
224,ship
225,deer
230,deer
234,ship
245,airplane
247,airplane
252,frog
256,frog
265,deer
269,frog
271,airplane
275,deer
277,deer
280,frog
282,airplane
283,frog
284,deer
292,airplane
296,airplane
304,frog
305,airplane
313,airplane
320,frog
324,frog
325,airplane
334,deer
335,frog
336,frog
338,ship
343,airplane
348,ship
349,frog
350,frog
355,airplane
356,deer
359,ship
360,ship
364,frog
366,airplane
368,deer
369,airplane
372,airplane
379,frog
382,deer
385,airplane
387,airplane
388,ship
392,ship
393,deer
394,frog
400,airplane
401,deer
404,airplane
410,deer
413,airplane
420,frog
421,frog
422,frog
426,frog
431,frog
435,frog
436,deer
444,ship
446,airplane
447,airplane
451,frog
453,ship
454,airplane
455,deer
459,ship
461,frog
464,frog
469,ship
471,frog
472,ship
473,airplane
476,ship
478,airplane
482,frog
486,frog
490,airplane
491,frog
498,ship
500,ship
511,ship
513,frog
515,ship
522,ship
523,deer
524,ship
525,ship
527,airplane
530,ship
533,deer
538,deer
549,ship
550,ship
553,airplane
557,deer
558,deer
562,deer
565,frog
569,airplane
574,deer
579,deer
584,frog
586,ship
588,deer
591,airplane
593,airplane
595,ship
596,airplane
598,deer
600,ship
603,deer
607,deer
613,airplane
623,airplane
626,ship
627,airplane
629,deer
633,frog
636,frog
638,airplane
639,frog
646,deer
650,frog
656,ship
657,airplane
659,airplane
660,frog
667,frog
668,frog
674,deer
675,deer
676,frog
677,ship
678,deer
683,deer
684,deer
685,airplane
691,ship
692,airplane
693,frog
694,ship
696,airplane
700,frog
701,deer
702,deer
708,airplane
715,deer
720,airplane
722,frog
731,deer
732,ship
733,frog
734,ship
736,ship
740,ship
742,ship
743,frog
744,deer
747,airplane
752,frog
756,deer
757,airplane
764,ship
767,ship
770,deer
781,airplane
783,deer
785,deer
794,frog
795,deer
800,frog
802,airplane
805,airplane
811,ship
817,frog
819,frog
822,frog
825,ship
826,airplane
828,airplane
837,airplane
838,airplane
840,frog
845,airplane
849,ship
850,ship
856,frog
875,frog
877,frog
878,deer
882,ship
888,ship
892,deer
893,deer
898,deer
903,deer
918,deer
920,airplane
922,ship
924,ship
925,frog
926,frog
927,airplane
936,deer
939,deer
941,ship
942,frog
946,deer
947,deer
948,airplane
957,frog
961,ship
963,ship
964,ship
973,frog
975,frog
978,ship
979,deer
982,airplane
992,ship
997,airplane
1000,airplane
1002,deer
1007,ship
1008,airplane
1009,frog
1011,frog
1015,ship
1016,deer
1017,ship
1018,airplane
1021,airplane
1024,airplane
1028,deer
1030,deer
1033,frog
1036,frog
1037,ship
1048,ship
1051,ship
1053,airplane
1056,ship
1064,frog
1065,deer
1066,frog
1067,airplane
1069,frog
1070,airplane
1075,deer
1078,frog
1085,ship
1089,frog
1090,airplane
1092,airplane
1093,frog
1094,airplane
1097,ship
1099,deer
1103,frog
1112,airplane
1114,deer
1118,ship
1119,ship
1120,ship
1123,ship
1133,frog
1135,ship
1137,airplane
1138,ship
1139,airplane
1143,ship
1144,ship
1147,frog
1149,deer
1150,frog
1153,frog
1160,ship
1162,airplane
1169,frog
1180,deer
1182,deer
1184,deer
1189,deer
1192,frog
1193,frog
1200,frog
1206,deer
1209,frog
1217,frog
1218,ship
1219,deer
1225,frog
1228,frog
1231,deer
1233,frog
1235,frog
1240,deer
1243,frog
1245,deer
1247,frog
1248,airplane
1250,airplane
1251,ship
1252,ship
1262,frog
1263,airplane
1267,frog
1275,ship
1276,deer
1278,frog
1280,airplane
1281,ship
1287,ship
1292,ship
1294,deer
1299,airplane
1303,frog
1306,frog
1308,frog
1310,airplane
1312,deer
1321,frog
1322,ship
1326,ship
1331,ship
1332,ship
1333,airplane
1337,airplane
1340,deer
1353,ship
1357,deer
1359,ship
1360,airplane
1377,airplane
1379,airplane
1381,ship
1388,frog
1392,frog
1394,deer
1395,ship
1397,ship
1398,deer
1407,ship
1412,airplane
1415,frog
1418,ship
1420,ship
1421,frog
1423,frog
1427,ship
1429,deer
1430,frog
1432,frog
1434,frog
1437,frog
1440,deer
1446,frog
1448,deer
1455,airplane
1459,airplane
1462,deer
1467,deer
1468,frog
1470,airplane
1472,ship
1484,ship
1485,airplane
1486,airplane
1488,frog
1490,airplane
1494,frog
1499,deer
1502,deer
1508,frog
1510,frog
1515,deer
1519,deer
1520,frog
1523,frog
1525,deer
1529,ship
1541,ship
1546,frog
1547,deer
1548,airplane
1549,deer
1554,frog
1558,deer
1559,deer
1561,frog
1562,frog
1564,airplane
1566,frog
1571,airplane
1574,airplane
1580,deer
1582,frog
1584,deer
1585,airplane
1586,ship
1589,ship
1590,airplane
1592,airplane
1595,airplane
1598,airplane
1602,deer
1605,deer
1606,frog
1610,airplane
1611,frog
1613,deer
1614,frog
1622,ship
1628,frog
1634,frog
1636,frog
1637,frog
1639,deer
1646,airplane
1651,frog
1654,ship
1658,deer
1663,airplane
1672,frog
1688,frog
1691,airplane
1695,frog
1697,airplane
1706,deer
1707,deer
1710,frog
1712,deer
1713,frog
1715,airplane
1717,frog
1719,deer
1734,ship
1736,deer
1740,ship
1742,frog
1745,ship
1746,airplane
1757,ship
1758,frog
1761,airplane
1763,ship
1767,deer
1768,ship
1774,deer
1777,deer
1779,frog
1780,airplane
1781,ship
1783,deer
1784,ship
1787,frog
1789,airplane
1795,deer
1800,ship
1804,deer
1805,airplane
1807,frog
1810,ship
1815,frog
1816,airplane
1818,ship
1819,deer
1821,frog
1825,frog
1827,frog
1833,frog
1836,airplane
1837,ship
1840,airplane
1841,airplane
1843,airplane
1844,deer
1845,airplane
1846,ship
1854,airplane
1856,deer
1857,airplane
1862,frog
1869,frog
1872,deer
1875,ship
1882,frog
1884,airplane
1889,ship
1890,deer
1899,ship
1902,airplane
1911,airplane
1913,deer
1915,airplane
1917,deer
1924,ship
1925,ship
1934,airplane
1941,deer
1944,frog
1949,ship
1952,deer
1953,airplane
1963,frog
1966,frog
1967,frog
1969,airplane
1970,ship
1971,deer
1973,frog
1979,airplane
1988,ship
1991,deer
1994,ship
1995,airplane
1998,ship
1999,airplane
2002,ship
2003,airplane
2005,frog
2006,frog
2008,ship
2009,frog
2010,deer
2014,frog
2018,frog
2020,frog
2024,airplane
2033,airplane
2036,frog
2038,frog
2039,frog
2042,airplane
2043,frog
2045,ship
2049,ship
2055,frog
2056,deer
2058,ship
2062,deer
2063,frog
2064,frog
2066,airplane
2068,frog
2071,frog
2074,ship
2075,frog
2077,airplane
2084,ship
2085,frog
2089,deer
2104,airplane
2108,deer
2110,frog
2111,airplane
2118,airplane
2119,ship
2121,airplane
2123,frog
2134,deer
2139,deer
2140,airplane
2147,frog
2149,ship
2151,airplane
2152,ship
2157,deer
2158,ship
2160,deer
2161,airplane
2166,ship
2167,ship
2168,ship
2169,ship
2172,frog
2175,deer
2176,frog
2183,airplane
2184,airplane
2186,airplane
2187,frog
2189,airplane
2193,deer
2195,airplane
2196,deer
2197,frog
2200,frog
2206,airplane
2207,ship
2210,frog
2214,frog
2215,airplane
2216,frog
2223,frog
2224,frog
2225,airplane
2228,frog
2235,frog
2237,deer
2241,airplane
2242,deer
2244,airplane
2247,airplane
2249,airplane
2252,ship
2254,airplane
2258,frog
2262,deer
2264,deer
2265,frog
2266,frog
2270,frog
2271,ship
2272,frog
2273,ship
2274,airplane
2278,deer
2281,airplane
2282,frog
2283,airplane
2285,ship
2287,deer
2301,airplane
2302,deer
2303,deer
2306,deer
2310,airplane
2313,ship
2315,deer
2316,airplane
2317,ship
2319,frog
2332,ship
2340,deer
2343,frog
2348,frog
2350,frog
2353,airplane
2354,deer
2359,ship
2364,frog
2365,ship
2366,airplane
2373,ship
2375,frog
2383,deer
2385,deer
2386,ship
2388,airplane
2392,airplane
2393,deer
2397,frog
2398,airplane
2400,ship
2402,airplane
2407,deer
2411,ship
2420,deer
2423,frog
2429,ship
2434,deer
2435,deer
2436,ship
2439,airplane
2440,ship
2444,deer
2446,airplane
2447,airplane
2448,airplane
2449,ship
2457,ship
2473,ship
2485,airplane
2487,airplane
2490,frog
2493,frog
2498,airplane
2500,frog
2502,airplane
2505,deer
2506,airplane
2511,ship
2512,deer
2513,frog
2514,frog
2517,ship
2527,deer
2529,ship
2532,airplane
2541,deer
2545,ship
2547,ship
2548,airplane
2549,airplane
2556,frog
2561,frog
2568,deer
2572,frog
2576,deer
2581,deer
2588,deer
2589,ship
2590,deer
2592,frog
2595,frog
2596,airplane
2601,ship
2602,airplane
2603,airplane
2605,deer
2609,airplane
2611,airplane
2621,deer
2623,airplane
2631,frog
2634,ship
2638,ship
2640,deer
2641,frog
2647,frog
2648,deer
2649,frog
2651,airplane
2653,deer
2654,frog
2655,ship
2660,frog
2663,frog
2665,frog
2666,deer
2667,ship
2668,deer
2670,frog
2675,frog
2680,deer
2690,frog
2693,frog
2694,deer
2703,deer
2704,airplane
2706,ship
2711,airplane
2716,ship
2727,frog
2730,airplane
2732,airplane
2735,ship
2736,airplane
2738,frog
2741,airplane
2744,airplane
2745,frog
2748,frog
2749,frog
2750,frog
2752,airplane
2754,frog
2755,deer
2765,ship
2766,ship
2767,frog
2775,frog
2779,airplane
2782,deer
2784,ship
2786,frog
2788,frog
2792,airplane
2797,ship
2799,frog
2806,deer
2807,ship
2808,deer
2812,airplane
2815,deer
2818,airplane
2823,frog
2824,ship
2825,deer
2830,airplane
2844,ship
2849,airplane
2852,ship
2857,ship
2858,deer
2859,frog
2864,ship
2867,frog
2871,deer
2874,deer
2878,deer
2879,frog
2883,frog
2893,deer
2897,ship
2898,ship
2899,deer
2902,deer
2908,frog
2909,airplane
2910,ship
2911,deer
2922,airplane
2924,deer
2925,frog
2927,frog
2929,deer
2930,deer
2932,frog
2934,ship
2935,airplane
2937,ship
2940,ship
2943,airplane
2946,frog
2948,frog
2952,airplane
2953,frog
2954,frog
2960,frog
2966,deer
2970,ship
2971,ship
2972,airplane
2974,frog
2979,airplane
2984,frog
2994,deer
2995,ship
2999,deer
3006,frog
3012,deer
3015,frog
3018,ship
3019,ship
3020,airplane
3021,deer
3022,ship
3026,airplane
3032,airplane
3034,ship
3037,frog
3038,ship
3040,airplane
3042,ship
3044,ship
3050,airplane
3051,airplane
3057,airplane
3065,frog
3068,airplane
3074,ship
3075,deer
3078,deer
3082,deer
3088,deer
3092,ship
3093,deer
3098,ship
3100,frog
3106,airplane
3107,ship
3108,airplane
3111,airplane
3114,airplane
3118,deer
3121,deer
3123,deer
3124,ship
3126,airplane
3128,ship
3131,deer
3133,ship
3136,ship
3137,airplane
3144,ship
3150,airplane
3154,airplane
3159,ship
3168,deer
3170,deer
3174,airplane
3177,airplane
3179,airplane
3181,deer
3183,ship
3190,ship
3197,airplane
3204,airplane
3205,frog
3206,frog
3209,airplane
3212,frog
3214,ship
3215,ship
3216,frog
3220,frog
3224,airplane
3230,airplane
3232,frog
3242,ship
3244,frog
3248,ship
3255,ship
3257,ship
3260,frog
3261,frog
3263,airplane
3268,deer
3273,frog
3274,deer
3275,deer
3277,ship
3287,frog
3288,airplane
3289,airplane
3291,airplane
3293,frog
3294,ship
3306,deer
3307,ship
3311,airplane
3315,frog
3319,deer
3327,deer
3328,airplane
3330,frog
3334,frog
3338,deer
3350,deer
3355,airplane
3360,ship
3361,deer
3364,deer
3368,airplane
3370,frog
3375,ship
3378,frog
3384,deer
3387,deer
3390,deer
3391,deer
3393,airplane
3394,ship
3395,airplane
3402,deer
3410,airplane
3412,ship
3419,frog
3420,airplane
3421,airplane
3424,deer
3435,deer
3438,ship
3444,deer
3449,ship
3457,ship
3459,frog
3461,airplane
3464,ship
3465,ship
3466,frog
3471,deer
3474,ship
3478,airplane
3480,deer
3484,frog
3485,ship
3491,frog
3492,ship
3495,deer
3505,deer
3509,airplane
3519,deer
3524,ship
3526,airplane
3530,ship
3539,frog
3542,airplane
3548,ship
3550,deer
3556,deer
3562,frog
3566,airplane
3567,frog
3570,deer
3571,frog
3576,frog
3578,deer
3579,airplane
3588,frog
3592,frog
3594,ship
3595,airplane
3596,ship
3598,deer
3603,ship
3604,deer
3606,deer
3608,airplane
3617,frog
3618,deer
3625,airplane
3627,frog
3628,ship
3636,deer
3637,ship
3638,frog
3639,deer
3641,airplane
3649,airplane
3654,frog
3657,airplane
3663,deer
3664,frog
3665,ship
3670,airplane
3671,ship
3677,airplane
3684,airplane
3687,frog
3688,deer
3690,ship
3691,frog
3700,frog
3705,deer
3709,deer
3710,ship
3715,ship
3716,frog
3730,ship
3732,frog
3738,frog
3741,frog
3743,frog
3751,ship
3752,deer
3756,ship
3764,deer
3766,airplane
3769,frog
3773,frog
3775,frog
3776,ship
3785,ship
3789,deer
3791,airplane
3792,deer
3794,ship
3795,frog
3798,airplane
3799,ship
3800,airplane
3801,frog
3802,airplane
3808,airplane
3810,ship
3812,frog
3815,airplane
3820,frog
3824,airplane
3825,deer
3827,deer
3830,ship
3835,ship
3842,airplane
3845,airplane
3852,ship
3853,frog
3855,frog
3859,deer
3860,deer
3863,ship
3865,airplane
3868,ship
3871,frog
3882,deer
3886,airplane
3887,airplane
3890,ship
3891,deer
3892,airplane
3894,frog
3895,ship
3899,deer
3909,deer
3918,frog
3919,deer
3924,ship
3928,ship
3929,deer
3930,airplane
3932,ship
3934,ship
3938,airplane
3939,ship
3940,ship
3943,ship
3944,deer
3946,frog
3951,deer
3952,airplane
3956,frog
3959,frog
3960,frog
3961,airplane
3965,deer
3967,deer
3975,ship
3976,frog
3981,airplane
3982,frog
3991,frog
3998,deer
3999,frog
4000,deer
4006,frog
4010,deer
4014,airplane
4016,ship
4024,deer
4026,ship
4031,frog
4032,airplane
4039,airplane
4045,deer
4055,frog
4056,airplane
4062,ship
4066,airplane
4070,frog
4072,ship
4073,frog
4076,airplane
4083,ship
4091,frog
4099,ship
4101,deer
4104,ship
4109,ship
4113,frog
4114,frog
4117,airplane
4121,airplane
4123,airplane
4129,ship
4131,ship
4133,deer
4141,ship
4143,frog
4145,frog
4148,ship
4152,frog
4159,frog
4164,frog
4165,deer
4166,deer
4169,ship
4171,deer
4177,deer
4181,deer
4187,ship
4195,ship
4199,deer
4200,deer
4208,airplane
4211,airplane
4213,deer
4223,deer
4225,ship
4227,frog
4229,ship
4230,frog
4232,deer
4235,frog
4237,frog
4238,ship
4239,deer
4240,deer
4243,airplane
4250,deer
4253,airplane
4256,ship
4258,ship
4261,ship
4263,deer
4264,airplane
4271,deer
4272,ship
4274,airplane
4278,airplane
4282,airplane
4283,airplane
4286,ship
4287,deer
4290,frog
4299,airplane
4303,deer
4315,airplane
4317,deer
4319,airplane
4320,deer
4321,ship
4323,deer
4324,airplane
4330,frog
4334,ship
4336,deer
4337,ship
4338,ship
4339,frog
4340,frog
4344,deer
4345,ship
4346,ship
4351,airplane
4354,ship
4356,ship
4361,deer
4363,deer
4368,deer
4369,ship
4373,deer
4374,deer
4375,ship
4378,airplane
4385,ship
4388,deer
4394,airplane
4395,frog
4396,ship
4397,frog
4398,airplane
4402,airplane
4403,airplane
4406,ship
4408,airplane
4409,frog
4410,ship
4411,frog
4417,deer
4422,deer
4426,deer
4427,ship
4429,airplane
4435,frog
4437,airplane
4438,airplane
4439,deer
4443,frog
4444,frog
4449,frog
4456,frog
4461,airplane
4464,ship
4467,ship
4472,ship
4477,frog
4480,airplane
4482,ship
4484,airplane
4490,airplane
4492,deer
4493,deer
4495,airplane
4496,ship
4503,ship
4504,frog
4506,frog
4509,airplane
4511,airplane
4512,ship
4514,frog
4516,frog
4518,deer
4522,deer
4523,ship
4535,airplane
4536,deer
4539,airplane
4540,frog
4550,frog
4551,airplane
4559,ship
4568,airplane
4569,deer
4572,airplane
4573,airplane
4578,frog
4581,airplane
4583,airplane
4584,ship
4587,deer
4592,airplane
4597,ship
4600,ship
4607,airplane
4608,deer
4609,airplane
4611,airplane
4613,ship
4614,ship
4615,frog
4623,ship
4628,frog
4630,frog
4636,deer
4638,frog
4644,frog
4649,airplane
4652,airplane
4654,airplane
4655,frog
4656,deer
4658,frog
4664,frog
4665,frog
4666,airplane
4668,airplane
4675,ship
4678,deer
4679,frog
4682,airplane
4688,frog
4698,deer
4699,ship
4708,frog
4711,ship
4716,ship
4718,ship
4721,ship
4722,airplane
4725,frog
4727,airplane
4728,frog
4732,ship
4734,frog
4736,ship
4742,ship
4744,ship
4745,airplane
4747,airplane
4753,airplane
4755,frog
4758,frog
4759,frog
4763,frog
4764,frog
4766,frog
4769,airplane
4770,deer
4771,airplane
4772,deer
4774,airplane
4783,frog
4788,airplane
4792,frog
4796,airplane
4798,deer
4801,deer
4808,ship
4812,frog
4818,deer
4819,airplane
4823,frog
4827,frog
4828,airplane
4830,deer
4831,frog
4835,deer
4837,airplane
4846,deer
4847,airplane
4849,frog
4855,ship
4856,airplane
4861,frog
4872,airplane
4877,deer
4881,airplane
4885,airplane
4888,airplane
4892,deer
4901,airplane
4905,ship
4909,deer
4921,deer
4928,deer
4931,deer
4932,frog
4934,deer
4935,frog
4936,airplane
4938,ship
4940,deer
4942,frog
4944,ship
4951,airplane
4953,ship
4960,ship
4962,deer
4963,airplane
4967,frog
4968,frog
4969,frog
4972,airplane
4973,ship
4974,airplane
4978,ship
4986,frog
4989,ship
4990,airplane
4992,ship
4995,deer
4998,airplane
5004,deer
5005,deer
5006,deer
5013,deer
5014,deer
5016,frog
5017,frog
5021,ship
5024,airplane
5032,frog
5036,ship
5043,deer
5046,airplane
5047,deer
5050,airplane
5053,ship
5056,frog
5058,airplane
5063,deer
5069,frog
5070,frog
5073,airplane
5074,deer
5077,ship
5078,deer
5079,ship
5083,frog
5087,deer
5090,airplane
5091,deer
5092,deer
5093,frog
5098,frog
5101,airplane
5102,deer
5103,airplane
5106,ship
5107,frog
5108,airplane
5113,deer
5114,ship
5115,frog
5117,deer
5120,ship
5121,ship
5135,airplane
5138,airplane
5141,ship
5147,deer
5148,frog
5152,frog
5161,deer
5163,ship
5168,frog
5170,frog
5171,airplane
5173,airplane
5177,ship
5178,airplane
5179,frog
5181,ship
5183,airplane
5185,frog
5187,frog
5190,frog
5191,deer
5194,airplane
5195,deer
5200,airplane
5202,deer
5203,deer
5206,airplane
5207,airplane
5210,ship
5213,airplane
5216,frog
5217,frog
5221,deer
5224,deer
5226,ship
5233,frog
5236,deer
5237,frog
5240,frog
5241,ship
5246,ship
5253,frog
5256,airplane
5258,frog
5259,airplane
5261,ship
5266,deer
5271,deer
5272,ship
5275,airplane
5279,frog
5286,frog
5292,frog
5296,airplane
5303,frog
5304,ship
5307,airplane
5311,deer
5318,frog
5320,frog
5321,ship
5323,frog
5325,frog
5327,deer
5328,frog
5337,frog
5339,airplane
5343,frog
5353,frog
5359,airplane
5361,ship
5365,ship
5366,airplane
5368,ship
5375,deer
5378,ship
5390,frog
5397,frog
5398,ship
5399,airplane
5407,deer
5408,ship
5409,ship
5411,frog
5412,deer
5417,ship
5418,ship
5420,deer
5424,airplane
5426,ship
5428,deer
5431,airplane
5432,frog
5435,deer
5441,ship
5446,deer
5447,airplane
5450,airplane
5451,ship
5452,airplane
5453,frog
5454,airplane
5456,frog
5457,frog
5460,frog
5465,frog
5471,deer
5476,frog
5477,ship
5479,airplane
5482,deer
5483,airplane
5491,airplane
5499,ship
5500,frog
5505,frog
5510,airplane
5516,deer
5519,deer
5525,ship
5526,airplane
5528,ship
5533,deer
5534,frog
5536,ship
5537,ship
5545,airplane
5546,frog
5549,deer
5551,ship
5558,deer
5560,airplane
5562,frog
5563,frog
5565,deer
5570,deer
5571,frog
5572,deer
5574,ship
5582,frog
5583,ship
5585,deer
5592,deer
5594,ship
5596,airplane
5597,frog
5598,deer
5602,ship
5603,deer
5604,ship
5609,frog
5610,ship
5613,deer
5620,deer
5625,airplane
5628,deer
5629,ship
5630,airplane
5632,frog
5639,airplane
5640,frog
5642,deer
5644,deer
5646,airplane
5647,ship
5655,deer
5661,deer
5664,deer
5665,deer
5669,ship
5672,deer
5676,frog
5680,deer
5681,frog
5682,deer
5684,frog
5685,ship
5686,ship
5690,ship
5692,ship
5695,airplane
5696,deer
5698,airplane
5700,deer
5701,frog
5705,deer
5710,ship
5715,frog
5716,deer
5719,airplane
5721,ship
5731,deer
5733,airplane
5734,ship
5736,deer
5737,ship
5738,deer
5740,airplane
5744,airplane
5746,ship
5747,airplane
5748,ship
5751,airplane
5765,ship
5766,deer
5775,deer
5787,airplane
5789,ship
5794,airplane
5796,airplane
5799,frog
5800,airplane
5806,deer
5808,ship
5816,airplane
5823,frog
5824,deer
5827,deer
5828,deer
5833,ship
5834,deer
5843,airplane
5846,deer
5847,deer
5848,frog
5851,airplane
5855,airplane
5856,airplane
5862,frog
5867,airplane
5870,ship
5875,ship
5879,airplane
5881,frog
5885,ship
5889,deer
5894,airplane
5896,airplane
5910,frog
5914,deer
5915,deer
5916,ship
5922,ship
5923,deer
5932,deer
5936,airplane
5938,ship
5948,ship
5954,ship
5956,ship
5957,deer
5958,deer
5959,frog
5961,frog
5962,ship
5963,airplane
5964,frog
5971,deer
5972,airplane
5974,deer
5989,deer
5990,frog
5992,ship
5994,frog
6009,ship
6012,ship
6013,airplane
6017,frog
6020,frog
6021,ship
6022,deer
6033,deer
6040,deer
6043,airplane
6046,frog
6047,frog
6051,frog
6052,ship
6059,frog
6064,frog
6067,airplane
6071,deer
6075,deer
6080,ship
6081,frog
6082,frog
6083,airplane
6088,frog
6089,frog
6090,ship
6093,frog
6096,frog
6105,frog
6107,airplane
6109,frog
6112,airplane
6119,airplane
6124,ship
6127,deer
6128,airplane
6129,airplane
6134,ship
6137,frog
6139,deer
6141,deer
6144,airplane
6145,frog
6151,deer
6163,deer
6164,ship
6166,ship
6172,deer
6179,ship
6185,airplane
6190,ship
6191,ship
6192,airplane
6197,frog
6198,ship
6205,ship
6210,frog
6225,ship
6226,frog
6227,deer
6228,deer
6230,deer
6234,airplane
6235,frog
6247,airplane
6251,deer
6252,airplane
6253,frog
6258,frog
6262,airplane
6263,airplane
6266,deer
6267,airplane
6278,deer
6281,frog
6282,deer
6283,deer
6288,frog
6290,airplane
6297,airplane
6302,airplane
6303,deer
6304,frog
6306,ship
6308,frog
6309,ship
6313,airplane
6319,airplane
6323,frog
6326,deer
6328,ship
6329,frog
6332,frog
6340,ship
6342,frog
6343,ship
6344,airplane
6348,deer
6349,ship
6350,airplane
6353,deer
6355,deer
6359,ship
6362,frog
6366,airplane
6368,ship
6371,ship
6376,frog
6378,ship
6379,frog
6380,deer
6381,deer
6388,deer
6391,frog
6396,frog
6403,frog
6410,ship
6412,airplane
6415,frog
6416,ship
6417,airplane
6420,ship
6424,frog
6425,deer
6426,ship
6430,deer
6434,ship
6441,deer
6446,deer
6450,deer
6454,frog
6459,airplane
6461,airplane
6463,frog
6465,airplane
6466,airplane
6467,deer
6472,ship
6475,ship
6476,airplane
6477,deer
6478,frog
6482,airplane
6489,airplane
6491,ship
6492,deer
6493,ship
6494,ship
6499,deer
6501,ship
6505,airplane
6514,deer
6520,airplane
6521,ship
6525,deer
6530,ship
6531,airplane
6533,frog
6535,deer
6539,airplane
6540,ship
6543,airplane
6549,deer
6550,ship
6551,frog
6552,airplane
6558,airplane
6560,deer
6562,frog
6563,deer
6569,ship
6572,ship
6574,frog
6579,ship
6583,airplane
6586,ship
6590,ship
6591,ship
6593,frog
6594,deer
6595,frog
6596,airplane
6597,airplane
6603,frog
6604,frog
6605,ship
6606,frog
6608,airplane
6610,frog
6612,airplane
6614,frog
6625,deer
6628,frog
6629,frog
6631,deer
6632,airplane
6636,airplane
6641,deer
6644,frog
6645,ship
6646,frog
6647,ship
6648,deer
6654,deer
6661,deer
6668,deer
6670,deer
6676,airplane
6683,airplane
6684,airplane
6686,airplane
6689,frog
6691,airplane
6693,frog
6698,frog
6700,ship
6705,ship
6710,airplane
6714,airplane
6722,ship
6723,ship
6728,deer
6729,frog
6731,deer
6736,airplane
6745,deer
6747,ship
6750,ship
6752,ship
6753,airplane
6756,deer
6758,frog
6759,frog
6760,frog
6762,frog
6764,ship
6765,airplane
6766,frog
6770,airplane
6775,airplane
6778,ship
6785,airplane
6788,frog
6796,deer
6816,ship
6817,ship
6818,airplane
6819,deer
6824,frog
6826,airplane
6827,deer
6834,frog
6835,ship
6836,frog
6845,airplane
6847,deer
6848,frog
6862,airplane
6863,frog
6865,ship
6871,ship
6873,deer
6875,deer
6878,deer
6881,frog
6884,airplane
6887,frog
6893,deer
6894,airplane
6895,frog
6902,airplane
6903,airplane
6904,ship
6906,ship
6908,ship
6909,ship
6910,deer
6914,frog
6916,deer
6919,deer
6921,frog
6922,airplane
6923,airplane
6925,ship
6926,airplane
6929,ship
6931,frog
6933,airplane
6938,deer
6940,deer
6941,deer
6942,airplane
6943,airplane
6944,frog
6946,ship
6949,airplane
6954,frog
6956,airplane
6960,frog
6963,airplane
6964,frog
6966,ship
6969,deer
6972,frog
6978,deer
6987,frog
6988,airplane
6995,airplane
6996,ship
7001,ship
7004,frog
7007,airplane
7009,ship
7011,frog
7016,ship
7019,airplane
7022,deer
7023,ship
7025,ship
7026,deer
7032,airplane
7035,ship
7036,ship
7038,deer
7041,airplane
7050,airplane
7057,airplane
7064,ship
7066,frog
7076,deer
7082,airplane
7085,frog
7089,ship
7092,frog
7095,frog
7098,deer
7099,ship
7100,deer
7102,airplane
7104,ship
7110,deer
7111,deer
7114,ship
7125,frog
7129,frog
7135,deer
7136,frog
7138,deer
7140,frog
7148,frog
7150,frog
7153,ship
7154,ship
7157,airplane
7162,deer
7173,deer
7177,ship
7178,deer
7183,airplane
7185,airplane
7192,frog
7194,airplane
7195,airplane
7199,deer
7205,ship
7206,ship
7208,deer
7209,airplane
7212,frog
7219,frog
7221,airplane
7223,deer
7224,frog
7229,airplane
7233,airplane
7236,frog
7238,airplane
7244,deer
7247,airplane
7257,frog
7260,frog
7265,frog
7267,frog
7268,deer
7269,deer
7272,deer
7275,frog
7278,airplane
7279,ship
7280,frog
7282,frog
7288,airplane
7289,airplane
7291,deer
7295,ship
7298,frog
7299,frog
7300,deer
7301,ship
7305,ship
7311,deer
7314,deer
7315,ship
7317,frog
7322,deer
7323,ship
7324,airplane
7330,airplane
7331,deer
7338,ship
7339,ship
7343,ship
7350,frog
7355,frog
7357,deer
7358,airplane
7361,frog
7363,deer
7364,deer
7365,airplane
7366,deer
7368,airplane
7374,airplane
7375,ship
7376,frog
7378,ship
7380,airplane
7381,deer
7393,frog
7394,airplane
7397,deer
7398,ship
7402,ship
7411,airplane
7418,deer
7422,deer
7423,frog
7428,frog
7429,deer
7430,airplane
7433,airplane
7436,frog
7438,ship
7439,deer
7443,ship
7449,deer
7451,frog
7454,ship
7456,deer
7458,ship
7459,frog
7462,deer
7469,ship
7472,deer
7473,frog
7474,ship
7475,deer
7477,ship
7478,ship
7482,airplane
7485,deer
7494,airplane
7496,ship
7507,ship
7510,deer
7511,airplane
7515,ship
7521,deer
7526,deer
7528,ship
7531,airplane
7533,deer
7534,ship
7538,deer
7540,airplane
7542,airplane
7547,ship
7551,ship
7552,ship
7553,deer
7565,deer
7568,ship
7569,ship
7572,frog
7583,deer
7585,deer
7586,frog
7591,ship
7594,deer
7597,ship
7598,deer
7604,ship
7606,airplane
7610,frog
7611,frog
7612,frog
7613,deer
7615,frog
7617,ship
7618,airplane
7619,frog
7620,ship
7621,airplane
7622,frog
7626,frog
7630,deer
7631,airplane
7632,frog
7633,airplane
7635,ship
7637,frog
7640,ship
7641,airplane
7642,airplane
7643,airplane
7646,frog
7654,frog
7658,airplane
7661,deer
7662,airplane
7663,airplane
7669,frog
7670,ship
7673,airplane
7681,deer
7683,deer
7685,deer
7687,airplane
7692,airplane
7696,frog
7697,airplane
7700,ship
7704,frog
7707,airplane
7715,ship
7716,ship
7718,deer
7724,deer
7727,frog
7728,ship
7732,deer
7737,ship
7739,deer
7740,frog
7742,airplane
7743,frog
7746,airplane
7748,deer
7749,airplane
7751,deer
7752,airplane
7755,frog
7756,frog
7758,frog
7761,frog
7763,ship
7764,ship
7766,deer
7769,frog
7770,ship
7775,frog
7776,airplane
7781,airplane
7783,frog
7784,airplane
7794,deer
7802,ship
7804,deer
7807,airplane
7810,ship
7811,deer
7814,airplane
7817,ship
7824,ship
7825,frog
7826,frog
7828,deer
7835,deer
7847,frog
7848,frog
7854,ship
7855,airplane
7859,frog
7862,deer
7873,frog
7875,deer
7879,ship
7881,frog
7882,ship
7884,deer
7888,frog
7889,ship
7894,ship
7895,frog
7899,ship
7902,airplane
7905,airplane
7910,frog
7911,ship
7918,airplane
7930,ship
7933,deer
7936,ship
7938,deer
7940,frog
7942,ship
7943,ship
7945,ship
7949,frog
7957,airplane
7961,frog
7963,ship
7969,ship
7970,deer
7971,deer
7972,frog
7973,deer
7974,airplane
7975,airplane
7976,airplane
7978,airplane
7979,ship
7981,deer
7983,airplane
7985,deer
7986,frog
7987,ship
8002,deer
8008,deer
8009,airplane
8010,deer
8015,ship
8022,frog
8023,airplane
8024,deer
8026,ship
8029,ship
8039,ship
8048,ship
8050,airplane
8054,deer
8063,frog
8064,airplane
8068,ship
8069,deer
8072,deer
8073,ship
8076,ship
8079,ship
8082,airplane
8084,frog
8086,airplane
8088,ship
8091,airplane
8094,ship
8098,ship
8099,deer
8100,deer
8101,airplane
8123,ship
8128,ship
8130,deer
8131,ship
8135,frog
8140,ship
8142,ship
8145,deer
8150,airplane
8151,frog
8156,airplane
8161,deer
8166,ship
8173,ship
8175,deer
8177,frog
8178,frog
8179,airplane
8182,deer
8186,airplane
8191,airplane
8195,ship
8196,ship
8201,frog
8203,deer
8206,airplane
8210,airplane
8216,ship
8219,frog
8223,ship
8224,airplane
8225,frog
8228,frog
8231,airplane
8235,ship
8238,ship
8244,airplane
8249,frog
8250,ship
8253,ship
8254,frog
8255,ship
8264,deer
8267,ship
8268,airplane
8271,airplane
8272,ship
8276,deer
8281,airplane
8282,deer
8286,airplane
8289,deer
8290,ship
8295,ship
8296,airplane
8297,deer
8298,frog
8300,airplane
8309,frog
8310,deer
8312,ship
8313,deer
8314,deer
8315,airplane
8325,frog
8329,ship
8331,frog
8332,airplane
8333,airplane
8334,airplane
8337,frog
8338,ship
8341,ship
8343,ship
8345,frog
8347,ship
8353,airplane
8354,airplane
8355,ship
8357,frog
8366,ship
8367,frog
8369,airplane
8375,deer
8379,deer
8381,airplane
8382,frog
8384,deer
8389,airplane
8394,frog
8395,airplane
8402,ship
8403,ship
8406,frog
8407,frog
8409,ship
8411,airplane
8417,airplane
8422,deer
8424,frog
8426,airplane
8429,frog
8432,frog
8437,ship
8441,deer
8444,airplane
8450,deer
8451,airplane
8452,frog
8458,frog
8460,ship
8466,ship
8468,frog
8479,frog
8483,airplane
8484,frog
8485,deer
8487,deer
8492,deer
8497,frog
8498,deer
8501,frog
8502,airplane
8505,airplane
8506,ship
8509,ship
8511,frog
8515,airplane
8519,airplane
8527,ship
8528,deer
8532,frog
8534,deer
8543,airplane
8546,deer
8557,ship
8559,deer
8561,deer
8562,ship
8565,ship
8567,ship
8568,airplane
8569,airplane
8570,deer
8578,deer
8600,deer
8601,frog
8604,airplane
8608,ship
8611,ship
8618,ship
8620,deer
8627,ship
8628,ship
8630,ship
8631,frog
8632,frog
8633,airplane
8634,airplane
8635,ship
8641,ship
8642,ship
8644,deer
8646,ship
8660,deer
8663,ship
8669,airplane
8671,airplane
8673,airplane
8679,ship
8681,ship
8688,deer
8692,deer
8694,deer
8696,deer
8698,ship
8702,frog
8704,deer
8712,frog
8714,airplane
8715,deer
8728,deer
8734,deer
8738,frog
8739,airplane
8740,frog
8746,airplane
8750,frog
8751,deer
8755,airplane
8760,ship
8763,airplane
8764,airplane
8768,ship
8769,deer
8770,deer
8773,deer
8776,ship
8780,frog
8782,airplane
8783,ship
8786,ship
8788,deer
8789,ship
8791,ship
8796,ship
8801,frog
8807,airplane
8813,frog
8814,deer
8818,deer
8826,frog
8834,deer
8840,frog
8841,ship
8842,airplane
8843,airplane
8852,frog
8853,frog
8857,ship
8864,airplane
8865,frog
8866,deer
8867,deer
8868,ship
8884,ship
8896,deer
8903,ship
8904,deer
8906,deer
8908,airplane
8915,airplane
8916,deer
8918,airplane
8919,airplane
8920,frog
8922,airplane
8924,airplane
8925,deer
8938,frog
8940,deer
8943,airplane
8948,deer
8951,frog
8953,frog
8960,frog
8961,deer
8963,deer
8964,frog
8966,frog
8967,airplane
8968,ship
8972,deer
8977,frog
8981,deer
8985,frog
8987,frog
8990,deer
8992,frog
8994,deer
8997,ship
8998,deer
8999,airplane
9008,frog
9010,ship
9013,airplane
9028,deer
9040,airplane
9044,ship
9045,deer
9047,ship
9051,ship
9055,airplane
9056,deer
9061,frog
9063,frog
9064,deer
9069,ship
9071,ship
9073,airplane
9074,ship
9075,ship
9080,airplane
9085,deer
9087,airplane
9093,ship
9094,airplane
9098,frog
9102,frog
9103,deer
9104,airplane
9109,airplane
9116,deer
9120,deer
9127,frog
9134,deer
9135,frog
9139,frog
9140,ship
9142,frog
9150,deer
9152,frog
9153,frog
9155,ship
9164,ship
9165,deer
9166,deer
9171,deer
9173,frog
9174,airplane
9184,airplane
9186,airplane
9189,ship
9191,deer
9198,frog
9199,airplane
9201,deer
9203,deer
9205,ship
9208,ship
9209,airplane
9210,deer
9212,airplane
9214,deer
9216,deer
9231,frog
9235,deer
9236,airplane
9238,airplane
9239,deer
9241,frog
9242,frog
9247,frog
9252,frog
9257,airplane
9261,ship
9262,deer
9265,airplane
9266,ship
9272,frog
9273,airplane
9274,frog
9275,airplane
9277,frog
9287,deer
9288,deer
9289,frog
9304,ship
9306,frog
9307,airplane
9310,deer
9312,airplane
9319,ship
9324,deer
9327,deer
9328,airplane
9329,frog
9330,airplane
9333,deer
9339,frog
9340,ship
9346,airplane
9347,ship
9360,deer
9362,ship
9363,deer
9370,frog
9373,airplane
9377,airplane
9379,airplane
9380,frog
9385,ship
9386,ship
9387,frog
9388,ship
9389,frog
9390,frog
9393,airplane
9396,deer
9398,ship
9400,ship
9402,airplane
9404,airplane
9405,frog
9406,ship
9407,deer
9408,frog
9409,deer
9414,frog
9421,ship
9422,airplane
9424,airplane
9425,ship
9427,frog
9431,deer
9434,frog
9436,frog
9437,airplane
9439,frog
9442,ship
9443,ship
9447,frog
9450,ship
9452,ship
9453,airplane
9458,ship
9465,frog
9469,airplane
9471,deer
9472,frog
9473,frog
9476,frog
9477,ship
9487,ship
9489,airplane
9490,deer
9491,deer
9494,ship
9497,deer
9499,airplane
9502,ship
9503,frog
9504,airplane
9509,frog
9515,ship
9517,deer
9521,ship
9531,airplane
9539,airplane
9541,airplane
9544,airplane
9546,frog
9547,deer
9551,frog
9555,airplane
9556,airplane
9557,airplane
9563,frog
9570,airplane
9580,ship
9583,airplane
9589,frog
9590,deer
9592,deer
9594,frog
9601,frog
9605,airplane
9609,deer
9610,airplane
9623,airplane
9624,ship
9628,airplane
9629,airplane
9632,deer
9639,deer
9642,deer
9649,airplane
9652,deer
9656,ship
9658,ship
9659,ship
9661,ship
9667,deer
9668,airplane
9671,deer
9675,ship
9676,ship
9677,ship
9678,ship
9679,frog
9685,airplane
9690,deer
9698,frog
9702,frog
9703,deer
9704,airplane
9707,ship
9708,deer
9711,airplane
9719,frog
9728,deer
9729,frog
9731,ship
9733,ship
9735,ship
9750,airplane
9755,airplane
9758,ship
9766,ship
9771,ship
9772,deer
9778,deer
9779,frog
9784,airplane
9788,frog
9794,ship
9798,ship
9802,deer
9806,ship
9809,frog
9814,deer
9817,airplane
9818,frog
9821,airplane
9822,deer
9823,airplane
9827,deer
9829,frog
9830,airplane
9833,ship
9836,airplane
9839,airplane
9841,ship
9843,airplane
9844,ship
9847,deer
9853,deer
9854,ship
9858,airplane
9863,airplane
9871,airplane
9872,airplane
9873,airplane
9874,airplane
9875,frog
9877,deer
9880,frog
9886,frog
9887,deer
9889,airplane
9891,airplane
9892,airplane
9893,deer
9894,ship
9895,ship
9899,ship
9917,airplane
9918,ship
9919,airplane
9920,airplane
9923,ship
9928,deer
9931,frog
9934,deer
9935,airplane
9936,airplane
9938,airplane
9941,frog
9946,frog
9947,deer
9952,deer
9966,frog
9967,frog
9969,airplane
9974,frog
9981,frog
9987,deer
9988,ship
9991,deer
9993,ship
9994,frog
9997,frog
9998,deer
9999,frog
10002,deer
10003,ship
10004,airplane
10006,airplane
10013,frog
10016,frog
10017,frog
10019,airplane
10020,ship
10028,deer
10031,ship
10032,ship
10036,airplane
10037,deer
10038,frog
10039,airplane
10046,ship
10047,ship
10048,ship
10049,ship
10057,airplane
10069,airplane
10071,deer
10077,ship
10083,airplane
10088,frog
10089,deer
10090,frog
10091,airplane
10092,ship
10095,frog
10100,ship
10106,ship
10108,deer
10115,frog
10125,frog
10126,ship
10131,deer
10136,deer
10142,deer
10144,airplane
10150,deer
10156,frog
10161,deer
10164,frog
10166,airplane
10171,ship
10172,frog
10174,airplane
10180,frog
10185,frog
10190,airplane
10193,deer
10194,deer
10198,deer
10199,deer
10200,deer
10207,frog
10208,airplane
10213,ship
10214,ship
10216,deer
10220,deer
10224,frog
10227,frog
10228,ship
10229,airplane
10230,ship
10234,airplane
10236,frog
10243,airplane
10246,ship
10247,airplane
10249,frog
10250,deer
10254,frog
10256,ship
10257,airplane
10260,airplane
10266,airplane
10267,airplane
10271,airplane
10273,deer
10283,airplane
10284,frog
10285,airplane
10288,airplane
10294,deer
10299,deer
10301,deer
10302,ship
10305,frog
10321,airplane
10322,ship
10327,ship
10331,deer
10337,ship
10339,airplane
10341,airplane
10342,ship
10344,frog
10347,ship
10365,deer
10371,deer
10372,frog
10376,deer
10381,deer
10382,frog
10394,airplane
10395,ship
10397,frog
10400,ship
10409,ship
10413,deer
10415,deer
10417,frog
10418,frog
10420,airplane
10421,frog
10422,airplane
10427,frog
10430,frog
10431,airplane
10432,airplane
10437,frog
10440,airplane
10443,airplane
10444,frog
10451,airplane
10453,frog
10457,airplane
10460,frog
10461,frog
10462,airplane
10463,frog
10468,deer
10469,deer
10470,frog
10471,ship
10474,ship
10477,frog
10482,ship
10483,frog
10484,airplane
10487,deer
10489,deer
10494,frog
10495,airplane
10497,ship
10504,frog
10505,ship
10506,frog
10507,ship
10509,ship
10511,airplane
10519,ship
10520,ship
10527,ship
10530,frog
10531,frog
10535,ship
10540,deer
10541,frog
10548,deer
10549,frog
10551,airplane
10554,airplane
10557,ship
10561,ship
10565,frog
10566,frog
10567,airplane
10571,ship
10576,frog
10585,ship
10587,frog
10588,airplane
10589,frog
10590,ship
10593,airplane
10601,airplane
10604,airplane
10613,ship
10614,deer
10616,frog
10626,airplane
10634,airplane
10635,ship
10637,frog
10638,ship
10639,frog
10640,frog
10642,frog
10643,ship
10645,ship
10648,airplane
10649,ship
10652,ship
10657,ship
10659,ship
10661,deer
10666,frog
10671,airplane
10680,airplane
10682,deer
10684,ship
10685,airplane
10686,deer
10693,airplane
10694,ship
10696,ship
10697,airplane
10699,airplane
10700,ship
10701,frog
10703,ship
10705,deer
10708,deer
10712,ship
10714,ship
10715,airplane
10729,airplane
10730,ship
10732,deer
10733,frog
10734,airplane
10736,frog
10737,frog
10738,frog
10739,ship
10742,deer
10746,airplane
10747,frog
10750,deer
10753,airplane
10755,airplane
10756,deer
10758,ship
10760,ship
10763,airplane
10774,airplane
10775,airplane
10776,frog
10780,deer
10782,deer
10788,deer
10791,ship
10792,ship
10797,deer
10798,ship
10799,deer
10800,deer
10808,deer
10810,airplane
10814,deer
10816,deer
10819,deer
10820,deer
10821,deer
10827,airplane
10828,deer
10832,airplane
10837,ship
10839,deer
10841,airplane
10842,frog
10844,frog
10848,airplane
10849,deer
10851,frog
10856,airplane
10857,frog
10861,deer
10865,airplane
10870,ship
10871,deer
10876,deer
10877,deer
10881,airplane
10882,deer
10885,deer
10891,deer
10894,deer
10896,frog
10900,ship
10901,deer
10909,ship
10911,deer
10914,frog
10916,deer
10921,airplane
10924,airplane
10925,frog
10927,deer
10930,ship
10931,deer
10933,ship
10934,frog
10936,airplane
10938,ship
10944,frog
10946,frog
10959,deer
10962,deer
10963,airplane
10967,deer
10968,airplane
10971,frog
10974,airplane
10976,ship
10989,frog
10994,deer
10995,ship
10998,deer
11000,airplane
11003,airplane
11011,deer
11012,deer
11014,frog
11017,airplane
11020,ship
11034,airplane
11037,deer
11041,deer
11045,frog
11046,ship
11049,ship
11051,ship
11052,airplane
11055,deer
11057,deer
11058,frog
11059,airplane
11060,airplane
11065,airplane
11066,deer
11067,frog
11069,frog
11072,frog
11083,frog
11085,ship
11089,frog
11093,deer
11097,ship
11100,ship
11105,airplane
11110,airplane
11115,deer
11117,frog
11124,ship
11129,ship
11132,ship
11139,ship
11142,ship
11143,ship
11145,ship
11148,ship
11152,airplane
11156,ship
11157,ship
11159,deer
11163,airplane
11168,ship
11169,deer
11170,deer
11171,ship
11174,frog
11175,airplane
11179,deer
11181,deer
11187,ship
11189,airplane
11190,airplane
11192,frog
11209,deer
11213,frog
11219,ship
11222,frog
11223,deer
11224,airplane
11225,frog
11228,airplane
11229,ship
11232,deer
11233,deer
11234,airplane
11236,ship
11247,ship
11249,ship
11250,frog
11262,frog
11263,deer
11264,frog
11267,airplane
11276,deer
11278,ship
11279,ship
11283,airplane
11284,deer
11285,frog
11286,airplane
11287,deer
11289,ship
11291,deer
11294,deer
11297,frog
11298,deer
11309,frog
11311,ship
11315,deer
11322,airplane
11331,frog
11333,deer
11334,deer
11338,frog
11339,airplane
11340,airplane
11347,airplane
11348,frog
11354,airplane
11355,airplane
11366,airplane
11369,ship
11371,airplane
11376,airplane
11380,frog
11381,airplane
11385,frog
11386,frog
11399,frog
11400,frog
11405,deer
11408,ship
11409,frog
11411,ship
11414,airplane
11422,airplane
11429,deer
11432,frog
11440,frog
11447,frog
11449,deer
11457,deer
11461,ship
11463,frog
11474,ship
11475,deer
11488,deer
11493,airplane
11496,ship
11498,ship
11499,deer
11500,deer
11501,airplane
11506,deer
11510,frog
11511,ship
11516,deer
11518,airplane
11522,deer
11527,frog
11533,deer
11534,airplane
11538,airplane
11543,deer
11544,airplane
11549,airplane
11550,frog
11551,ship
11552,ship
11553,airplane
11556,frog
11558,ship
11564,airplane
11569,frog
11574,airplane
11575,deer
11578,deer
11582,airplane
11590,airplane
11591,airplane
11593,deer
11596,deer
11597,deer
11600,frog
11604,airplane
11609,airplane
11610,deer
11612,deer
11617,frog
11620,frog
11622,deer
11624,deer
11625,deer
11626,ship
11628,deer
11629,airplane
11630,frog
11639,ship
11643,ship
11646,airplane
11649,deer
11650,frog
11653,frog
11654,frog
11655,frog
11658,frog
11661,airplane
11662,frog
11664,ship
11666,frog
11668,airplane
11669,deer
11670,frog
11672,airplane
11675,deer
11678,deer
11684,ship
11687,frog
11691,frog
11692,airplane
11701,ship
11704,frog
11706,airplane
11708,ship
11710,deer
11712,frog
11713,deer
11716,deer
11719,ship
11720,frog
11724,airplane
11725,airplane
11726,frog
11727,frog
11728,frog
11730,frog
11737,frog
11740,ship
11742,deer
11743,ship
11745,frog
11748,frog
11752,ship
11754,frog
11756,frog
11763,ship
11764,airplane
11766,deer
11770,deer
11771,airplane
11772,ship
11775,ship
11780,ship
11785,frog
11789,airplane
11791,frog
11799,frog
11805,airplane
11806,deer
11807,ship
11813,deer
11820,deer
11827,airplane
11833,airplane
11840,frog
11844,ship
11852,ship
11856,ship
11860,ship
11862,frog
11863,deer
11864,deer
11865,deer
11867,ship
11872,airplane
11873,deer
11879,deer
11890,frog
11894,airplane
11897,airplane
11901,deer
11903,frog
11908,airplane
11913,deer
11917,deer
11918,ship
11919,airplane
11920,ship
11922,ship
11930,airplane
11932,deer
11935,frog
11941,deer
11944,ship
11948,ship
11952,airplane
11953,airplane
11956,ship
11958,frog
11959,ship
11963,frog
11969,ship
11974,airplane
11976,frog
11978,ship
11983,frog
11991,frog
11993,airplane
12004,deer
12005,frog
12023,ship
12024,frog
12026,airplane
12030,airplane
12033,ship
12035,airplane
12039,deer
12045,ship
12049,ship
12058,deer
12067,airplane
12068,deer
12070,airplane
12072,ship
12075,frog
12086,airplane
12091,ship
12092,frog
12093,airplane
12095,ship
12101,deer
12105,deer
12107,ship
12108,deer
12112,airplane
12113,airplane
12114,ship
12117,ship
12122,ship
12123,airplane
12124,ship
12127,airplane
12129,deer
12132,airplane
12137,ship
12139,deer
12141,ship
12147,airplane
12148,deer
12161,deer
12166,ship
12168,frog
12169,ship
12175,deer
12179,ship
12180,ship
12182,frog
12183,airplane
12184,airplane
12188,deer
12193,airplane
12195,airplane
12196,frog
12200,frog
12202,airplane
12204,frog
12215,frog
12217,deer
12221,deer
12226,deer
12229,airplane
12242,frog
12259,frog
12263,ship
12265,airplane
12269,airplane
12270,ship
12272,deer
12275,deer
12276,frog
12278,deer
12279,ship
12291,airplane
12292,airplane
12296,airplane
12297,deer
12299,ship
12302,deer
12306,frog
12308,deer
12313,ship
12336,airplane
12337,ship
12338,airplane
12343,deer
12349,ship
12354,airplane
12368,airplane
12370,airplane
12372,airplane
12376,deer
12380,frog
12384,deer
12391,deer
12393,frog
12395,deer
12397,airplane
12401,ship
12403,frog
12406,frog
12407,frog
12410,ship
12416,frog
12420,frog
12421,deer
12423,deer
12427,deer
12429,airplane
12439,ship
12443,airplane
12446,deer
12449,ship
12450,ship
12454,frog
12456,deer
12460,ship
12464,ship
12465,ship
12467,frog
12472,deer
12476,frog
12477,frog
12479,deer
12482,ship
12485,ship
12486,frog
12487,ship
12489,ship
12491,airplane
12492,ship
12495,frog
12497,frog
12505,frog
12507,frog
12510,ship
12515,airplane
12516,frog
12518,frog
12521,frog
12522,ship
12526,ship
12529,deer
12531,deer
12532,deer
12535,ship
12543,frog
12547,frog
12554,deer
12555,frog
12558,ship
12560,frog
12562,airplane
12563,deer
12566,deer
12568,airplane
12569,ship
12571,deer
12573,ship
12578,frog
12579,ship
12581,ship
12584,ship
12587,frog
12590,airplane
12596,ship
12602,deer
12607,ship
12608,deer
12609,ship
12610,frog
12614,deer
12615,ship
12622,frog
12629,airplane
12639,ship
12644,airplane
12645,deer
12647,frog
12653,airplane
12654,frog
12657,ship
12658,deer
12659,frog
12660,deer
12662,frog
12664,deer
12667,deer
12671,ship
12672,deer
12673,deer
12676,frog
12682,deer
12685,deer
12689,frog
12692,airplane
12694,frog
12699,deer
12701,frog
12705,deer
12709,frog
12710,frog
12715,deer
12716,ship
12717,ship
12724,frog
12726,deer
12732,deer
12733,ship
12741,frog
12742,ship
12743,deer
12744,frog
12747,airplane
12748,frog
12754,frog
12757,ship
12759,frog
12762,frog
12765,deer
12773,ship
12775,deer
12776,deer
12778,airplane
12779,ship
12780,deer
12782,deer
12785,airplane
12789,ship
12791,ship
12792,airplane
12795,airplane
12797,deer
12813,deer
12816,frog
12819,ship
12823,deer
12824,frog
12829,ship
12832,airplane
12844,airplane
12846,frog
12847,frog
12850,frog
12851,ship
12856,airplane
12859,ship
12860,deer
12865,deer
12868,airplane
12871,frog
12872,frog
12874,deer
12881,ship
12882,deer
12884,ship
12887,deer
12889,ship
12890,deer
12892,deer
12894,airplane
12913,ship
12914,frog
12916,frog
12917,frog
12922,ship
12924,ship
12925,ship
12928,frog
12930,airplane
12931,deer
12934,deer
12935,airplane
12939,frog
12941,frog
12942,deer
12947,airplane
12952,deer
12953,ship
12959,frog
12961,airplane
12962,ship
12964,deer
12969,frog
12970,airplane
12976,ship
12982,airplane
12983,deer
12984,frog
12987,frog
12989,ship
12992,airplane
12993,ship
12994,frog
12995,deer
13007,airplane
13008,deer
13014,deer
13015,ship
13018,ship
13019,frog
13020,deer
13025,ship
13034,deer
13035,ship
13036,ship
13039,frog
13044,ship
13048,airplane
13054,deer
13056,deer
13064,ship
13068,frog
13074,frog
13076,deer
13084,frog
13087,ship
13090,deer
13092,ship
13093,ship
13097,frog
13098,airplane
13099,frog
13100,ship
13105,frog
13111,frog
13120,deer
13121,airplane
13125,ship
13132,deer
13135,airplane
13142,deer
13143,ship
13151,ship
13153,deer
13158,ship
13161,ship
13163,deer
13165,airplane
13169,deer
13176,airplane
13179,ship
13186,airplane
13189,deer
13190,frog
13191,frog
13194,frog
13196,deer
13197,frog
13198,airplane
13200,deer
13201,frog
13207,ship
13213,deer
13217,airplane
13218,frog
13220,ship
13221,deer
13223,frog
13226,deer
13228,deer
13229,deer
13231,airplane
13234,airplane
13239,deer
13240,deer
13244,deer
13250,frog
13252,deer
13257,ship
13258,deer
13260,ship
13263,airplane
13268,frog
13275,ship
13276,airplane
13277,airplane
13282,frog
13293,frog
13294,airplane
13297,frog
13299,deer
13301,deer
13313,airplane
13321,airplane
13325,ship
13327,airplane
13330,frog
13332,deer
13333,ship
13340,deer
13354,ship
13357,airplane
13359,frog
13360,deer
13362,frog
13364,deer
13370,frog
13371,deer
13373,ship
13374,airplane
13376,frog
13380,ship
13381,ship
13383,ship
13386,airplane
13399,airplane
13400,ship
13407,frog
13408,airplane
13415,airplane
13423,frog
13428,airplane
13430,airplane
13431,frog
13435,deer
13442,frog
13443,frog
13456,deer
13460,deer
13469,frog
13478,frog
13480,ship
13481,airplane
13484,ship
13488,frog
13489,deer
13490,deer
13491,deer
13492,deer
13499,frog
13501,frog
13507,airplane
13508,frog
13509,deer
13511,airplane
13513,frog
13515,deer
13519,frog
13521,frog
13522,deer
13527,deer
13532,frog
13542,ship
13544,frog
13545,frog
13550,ship
13552,deer
13554,ship
13555,deer
13562,airplane
13565,ship
13568,deer
13577,ship
13580,deer
13583,airplane
13585,frog
13591,airplane
13595,airplane
13596,frog
13598,deer
13599,airplane
13604,frog
13608,frog
13610,ship
13611,deer
13613,deer
13616,airplane
13617,ship
13618,airplane
13621,airplane
13624,frog
13633,frog
13637,frog
13638,airplane
13641,deer
13645,airplane
13646,frog
13648,deer
13655,ship
13656,ship
13657,ship
13658,ship
13659,airplane
13660,deer
13665,deer
13669,airplane
13672,ship
13673,ship
13678,frog
13682,ship
13683,frog
13690,deer
13691,deer
13692,airplane
13693,airplane
13694,deer
13704,deer
13705,deer
13707,deer
13710,airplane
13711,airplane
13712,airplane
13716,ship
13725,frog
13728,airplane
13736,ship
13737,ship
13741,ship
13746,airplane
13747,ship
13749,frog
13751,frog
13755,deer
13762,ship
13763,deer
13769,ship
13772,ship
13773,frog
13775,ship
13777,deer
13779,frog
13780,airplane
13782,ship
13793,airplane
13797,airplane
13799,ship
13801,frog
13804,ship
13809,frog
13810,ship
13822,frog
13826,deer
13828,frog
13831,airplane
13834,deer
13837,airplane
13838,ship
13839,deer
13840,deer
13841,frog
13844,frog
13845,deer
13848,frog
13849,ship
13868,deer
13870,deer
13873,ship
13875,frog
13878,ship
13881,ship
13882,deer
13883,airplane
13884,frog
13889,frog
13890,airplane
13898,deer
13900,frog
13902,deer
13912,ship
13914,airplane
13916,frog
13918,airplane
13919,deer
13920,frog
13928,frog
13929,airplane
13935,frog
13936,frog
13942,deer
13943,frog
13945,deer
13949,airplane
13954,airplane
13956,frog
13959,ship
13960,frog
13962,deer
13964,ship
13965,ship
13966,ship
13967,deer
13971,frog
13972,airplane
13976,frog
13977,frog
13988,frog
13990,deer
13991,frog
13993,airplane
13994,frog
13996,frog
13997,ship
13999,ship
14002,frog
14006,ship
14008,frog
14012,airplane
14015,airplane
14016,airplane
14017,deer
14024,ship
14025,deer
14026,ship
14027,airplane
14031,airplane
14032,frog
14033,frog
14040,deer
14043,frog
14047,frog
14052,ship
14053,ship
14054,deer
14055,airplane
14060,ship
14066,deer
14067,ship
14071,airplane
14081,airplane
14083,airplane
14088,frog
14090,frog
14095,frog
14099,ship
14103,frog
14106,ship
14110,deer
14112,airplane
14113,airplane
14116,airplane
14120,ship
14121,ship
14126,ship
14135,frog
14145,ship
14146,airplane
14148,airplane
14150,airplane
14153,ship
14154,airplane
14155,deer
14156,frog
14157,deer
14164,deer
14165,ship
14166,airplane
14167,airplane
14171,deer
14172,airplane
14174,deer
14177,ship
14180,deer
14181,frog
14186,airplane
14188,frog
14190,ship
14191,airplane
14194,frog
14195,deer
14196,ship
14198,ship
14201,ship
14204,frog
14207,deer
14210,deer
14213,airplane
14214,airplane
14220,airplane
14225,airplane
14231,deer
14234,airplane
14235,frog
14240,frog
14243,frog
14244,ship
14248,frog
14254,frog
14258,ship
14260,deer
14264,airplane
14265,deer
14267,deer
14270,airplane
14272,ship
14273,airplane
14274,ship
14277,ship
14281,ship
14284,ship
14289,frog
14296,ship
14299,airplane
14314,ship
14315,deer
14319,frog
14320,airplane
14325,airplane
14331,airplane
14335,frog
14339,deer
14345,deer
14346,airplane
14354,deer
14360,ship
14367,ship
14376,frog
14377,airplane
14379,airplane
14382,deer
14387,deer
14391,frog
14395,frog
14397,airplane
14398,ship
14403,ship
14404,deer
14407,deer
14408,frog
14417,deer
14420,airplane
14422,frog
14423,frog
14428,deer
14429,deer
14432,ship
14433,deer
14438,ship
14440,frog
14447,airplane
14450,airplane
14454,frog
14458,frog
14459,deer
14461,airplane
14464,ship
14465,frog
14466,frog
14469,ship
14479,airplane
14480,frog
14483,frog
14484,deer
14486,ship
14487,airplane
14489,frog
14490,ship
14492,ship
14494,frog
14500,airplane
14503,frog
14505,deer
14506,ship
14507,frog
14508,ship
14510,deer
14515,frog
14520,airplane
14522,ship
14524,deer
14525,deer
14537,airplane
14540,airplane
14541,ship
14547,deer
14552,airplane
14557,ship
14559,airplane
14560,frog
14562,ship
14564,deer
14570,ship
14572,ship
14574,frog
14576,frog
14585,ship
14586,frog
14587,deer
14590,airplane
14591,ship
14593,ship
14594,airplane
14596,frog
14597,deer
14600,frog
14603,airplane
14607,frog
14611,deer
14616,frog
14622,airplane
14630,frog
14633,airplane
14636,frog
14637,airplane
14639,airplane
14643,ship
14651,ship
14655,deer
14658,frog
14662,deer
14665,ship
14667,frog
14670,airplane
14675,frog
14682,frog
14683,ship
14684,airplane
14687,ship
14689,airplane
14691,deer
14703,ship
14704,ship
14705,frog
14706,ship
14708,deer
14714,frog
14715,ship
14716,deer
14717,ship
14719,ship
14721,ship
14723,frog
14728,frog
14732,deer
14740,deer
14743,ship
14744,frog
14748,deer
14751,ship
14758,frog
14766,deer
14769,airplane
14770,ship
14772,deer
14773,deer
14777,frog
14780,ship
14783,deer
14787,ship
14788,deer
14791,frog
14792,ship
14798,deer
14811,frog
14814,ship
14816,airplane
14832,airplane
14836,deer
14839,airplane
14844,deer
14849,frog
14850,frog
14852,deer
14854,deer
14855,deer
14857,frog
14860,airplane
14861,ship
14862,ship
14864,deer
14867,deer
14869,deer
14873,airplane
14874,frog
14875,airplane
14882,deer
14884,frog
14885,frog
14886,frog
14899,frog
14900,deer
14901,frog
14908,frog
14909,deer
14912,ship
14919,airplane
14920,airplane
14923,frog
14924,airplane
14925,ship
14934,airplane
14935,ship
14938,airplane
14939,frog
14949,ship
14954,deer
14957,deer
14961,airplane
14968,ship
14973,ship
14976,airplane
14984,ship
14989,frog
14990,frog
14992,deer
14995,airplane
15007,ship
15010,deer
15012,deer
15013,deer
15014,frog
15022,airplane
15028,ship
15029,airplane
15030,airplane
15031,deer
15033,frog
15034,deer
15036,airplane
15037,deer
15039,airplane
15045,airplane
15060,frog
15063,airplane
15066,ship
15068,ship
15071,deer
15075,deer
15078,deer
15081,airplane
15083,ship
15084,airplane
15085,frog
15090,ship
15091,airplane
15092,frog
15099,ship
15101,frog
15103,ship
15109,deer
15111,airplane
15117,deer
15119,frog
15123,deer
15126,deer
15130,airplane
15140,airplane
15143,frog
15148,frog
15152,airplane
15153,airplane
15157,airplane
15158,frog
15160,deer
15163,frog
15164,frog
15169,deer
15171,ship
15172,frog
15175,frog
15180,ship
15181,ship
15182,airplane
15184,deer
15185,deer
15186,deer
15190,airplane
15199,frog
15201,airplane
15206,deer
15207,deer
15212,ship
15215,deer
15216,airplane
15223,deer
15224,deer
15225,ship
15227,deer
15229,frog
15233,deer
15235,frog
15240,frog
15241,airplane
15249,deer
15250,airplane
15252,ship
15255,deer
15259,airplane
15265,airplane
15266,ship
15270,frog
15273,airplane
15283,airplane
15284,ship
15288,frog
15291,ship
15295,ship
15298,deer
15300,deer
15301,frog
15308,airplane
15313,airplane
15318,airplane
15319,airplane
15320,frog
15323,airplane
15324,airplane
15326,airplane
15332,deer
15334,ship
15335,airplane
15342,ship
15343,ship
15344,deer
15345,airplane
15351,deer
15353,frog
15354,airplane
15356,ship
15358,deer
15365,frog
15371,deer
15374,frog
15379,ship
15383,airplane
15388,deer
15389,deer
15399,ship
15403,frog
15406,ship
15407,deer
15410,airplane
15417,frog
15418,frog
15419,airplane
15421,deer
15424,frog
15427,ship
15429,ship
15433,ship
15435,frog
15439,airplane
15440,airplane
15441,airplane
15444,airplane
15450,frog
15455,deer
15465,airplane
15467,deer
15468,ship
15477,airplane
15478,deer
15481,airplane
15490,deer
15492,ship
15493,frog
15495,ship
15500,ship
15501,deer
15505,frog
15507,frog
15511,deer
15513,airplane
15529,deer
15530,airplane
15532,airplane
15533,frog
15534,ship
15535,frog
15543,deer
15548,ship
15550,frog
15552,ship
15561,airplane
15565,ship
15568,deer
15570,ship
15579,airplane
15581,deer
15583,airplane
15585,ship
15588,frog
15594,airplane
15603,frog
15604,deer
15605,frog
15606,deer
15613,airplane
15614,ship
15616,ship
15619,frog
15625,airplane
15629,deer
15630,airplane
15634,frog
15636,deer
15639,ship
15641,ship
15643,ship
15657,ship
15659,airplane
15660,frog
15666,airplane
15672,airplane
15675,frog
15678,deer
15680,deer
15686,frog
15690,ship
15691,airplane
15697,frog
15701,deer
15702,ship
15703,airplane
15704,deer
15710,airplane
15711,ship
15715,ship
15719,frog
15720,ship
15721,ship
15728,ship
15729,airplane
15730,ship
15735,deer
15736,deer
15739,ship
15741,airplane
15742,deer
15747,frog
15748,frog
15754,ship
15755,frog
15762,ship
15763,ship
15767,frog
15777,ship
15778,airplane
15781,airplane
15783,frog
15784,deer
15786,ship
15788,deer
15790,ship
15797,deer
15801,deer
15804,frog
15812,airplane
15815,airplane
15820,ship
15823,ship
15831,frog
15835,frog
15843,deer
15844,frog
15846,deer
15853,ship
15854,ship
15857,airplane
15860,ship
15864,ship
15868,ship
15870,frog
15873,ship
15874,deer
15886,frog
15888,airplane
15889,airplane
15890,airplane
15891,deer
15895,deer
15900,ship
15902,ship
15910,airplane
15916,deer
15921,ship
15923,ship
15934,deer
15938,airplane
15940,airplane
15942,deer
15944,ship
15945,frog
15948,frog
15950,ship
15951,deer
15952,frog
15959,airplane
15961,deer
15963,ship
15965,frog
15967,airplane
15971,airplane
15974,ship
15975,frog
15977,airplane
15983,deer
15984,deer
15985,deer
15990,airplane
15992,airplane
16000,frog
16005,frog
16016,deer
16025,frog
16026,ship
16035,deer
16036,ship
16039,deer
16044,ship
16045,deer
16046,airplane
16047,deer
16048,deer
16052,airplane
16060,frog
16061,airplane
16066,deer
16067,airplane
16074,ship
16076,ship
16078,deer
16079,airplane
16080,ship
16081,ship
16085,airplane
16087,frog
16089,deer
16091,deer
16096,airplane
16098,airplane
16101,deer
16109,frog
16110,airplane
16114,deer
16115,ship
16116,deer
16117,deer
16118,airplane
16119,deer
16125,frog
16127,frog
16128,frog
16131,airplane
16142,ship
16144,airplane
16147,airplane
16151,ship
16153,ship
16159,ship
16160,frog
16163,ship
16165,ship
16166,airplane
16171,frog
16179,airplane
16183,ship
16197,ship
16200,ship
16207,deer
16218,airplane
16223,airplane
16225,ship
16234,deer
16236,frog
16241,deer
16243,airplane
16247,deer
16249,deer
16250,deer
16255,ship
16262,airplane
16263,airplane
16264,frog
16269,ship
16271,frog
16274,airplane
16276,deer
16279,deer
16280,airplane
16281,frog
16286,frog
16288,frog
16291,ship
16292,frog
16293,deer
16296,airplane
16299,ship
16301,ship
16304,ship
16305,ship
16307,deer
16316,ship
16320,deer
16321,airplane
16326,deer
16328,airplane
16330,airplane
16339,deer
16342,frog
16343,deer
16344,airplane
16350,frog
16355,airplane
16361,deer
16364,frog
16365,airplane
16366,deer
16372,airplane
16380,frog
16382,airplane
16384,airplane
16390,ship
16392,frog
16393,ship
16395,frog
16398,deer
16401,deer
16402,airplane
16404,ship
16405,deer
16413,ship
16416,ship
16426,ship
16430,ship
16438,ship
16443,ship
16446,deer
16450,airplane
16453,frog
16462,deer
16465,frog
16468,ship
16471,airplane
16472,ship
16474,deer
16480,airplane
16482,airplane
16484,frog
16490,deer
16494,airplane
16495,frog
16496,deer
16500,deer
16504,deer
16509,ship
16511,airplane
16516,airplane
16517,airplane
16522,airplane
16524,ship
16540,airplane
16541,frog
16543,ship
16545,deer
16551,deer
16555,deer
16558,deer
16562,ship
16563,frog
16567,frog
16569,ship
16572,airplane
16573,frog
16575,airplane
16578,frog
16601,frog
16602,frog
16603,ship
16612,frog
16619,airplane
16620,ship
16621,frog
16624,deer
16628,frog
16629,frog
16631,deer
16632,deer
16652,ship
16653,deer
16656,ship
16659,frog
16661,ship
16667,deer
16671,ship
16673,frog
16677,airplane
16679,frog
16681,airplane
16682,frog
16685,ship
16687,deer
16690,frog
16693,deer
16694,airplane
16698,frog
16703,airplane
16710,deer
16717,ship
16719,frog
16720,deer
16722,ship
16726,airplane
16735,ship
16740,deer
16742,ship
16743,airplane
16744,deer
16747,frog
16749,airplane
16752,frog
16755,deer
16758,frog
16761,airplane
16767,deer
16768,deer
16775,airplane
16780,airplane
16781,airplane
16782,ship
16784,airplane
16786,frog
16787,deer
16789,airplane
16795,airplane
16797,airplane
16798,frog
16799,ship
16804,frog
16808,airplane
16811,frog
16812,frog
16813,ship
16815,ship
16821,airplane
16822,deer
16826,airplane
16828,ship
16831,frog
16833,ship
16835,ship
16837,frog
16840,frog
16842,airplane
16843,deer
16845,airplane
16850,deer
16864,deer
16866,airplane
16871,deer
16872,frog
16881,ship
16883,deer
16885,frog
16888,airplane
16892,ship
16893,deer
16894,airplane
16902,frog
16904,frog
16905,airplane
16914,deer
16918,airplane
16921,frog
16923,ship
16931,frog
16932,frog
16940,airplane
16945,frog
16947,ship
16950,frog
16952,deer
16954,deer
16958,ship
16961,ship
16966,ship
16968,frog
16972,ship
16975,ship
16980,airplane
16981,airplane
16983,deer
16985,ship
16989,airplane
16990,deer
16991,deer
16994,frog
16995,deer
17007,ship
17008,airplane
17009,frog
17011,airplane
17014,airplane
17024,ship
17026,frog
17027,deer
17031,airplane
17035,frog
17038,deer
17041,deer
17042,frog
17049,airplane
17050,frog
17051,airplane
17052,deer
17053,ship
17056,ship
17057,deer
17062,frog
17064,airplane
17066,airplane
17072,frog
17073,frog
17079,airplane
17084,deer
17089,deer
17097,deer
17102,ship
17105,ship
17106,ship
17113,airplane
17116,deer
17118,ship
17121,frog
17124,ship
17125,frog
17140,frog
17143,ship
17145,airplane
17148,ship
17155,airplane
17156,deer
17157,ship
17162,airplane
17164,ship
17166,ship
17170,deer
17172,airplane
17175,deer
17176,ship
17180,deer
17181,frog
17193,ship
17194,frog
17199,airplane
17203,ship
17208,ship
17209,airplane
17212,airplane
17217,frog
17220,deer
17227,deer
17231,airplane
17237,ship
17239,ship
17240,airplane
17241,ship
17244,frog
17256,deer
17264,frog
17274,deer
17278,frog
17283,airplane
17286,deer
17288,deer
17296,ship
17298,deer
17299,deer
17300,frog
17301,ship
17305,airplane
17313,deer
17317,airplane
17319,deer
17320,deer
17327,deer
17333,frog
17335,frog
17343,airplane
17352,airplane
17357,deer
17358,ship
17359,deer
17360,deer
17369,airplane
17370,deer
17375,airplane
17378,ship
17379,ship
17381,frog
17389,ship
17393,frog
17398,airplane
17403,frog
17405,ship
17410,airplane
17411,frog
17412,deer
17416,deer
17422,airplane
17426,ship
17429,deer
17431,deer
17433,ship
17439,frog
17441,airplane
17443,ship
17446,airplane
17447,frog
17450,deer
17455,airplane
17457,deer
17459,frog
17463,frog
17466,deer
17469,frog
17480,deer
17482,airplane
17487,deer
17488,airplane
17490,airplane
17496,airplane
17501,ship
17506,frog
17508,frog
17510,ship
17513,airplane
17515,frog
17524,frog
17525,airplane
17527,deer
17531,ship
17533,airplane
17542,airplane
17544,airplane
17547,ship
17548,ship
17550,deer
17560,frog
17561,airplane
17563,airplane
17566,ship
17575,deer
17580,frog
17581,frog
17582,ship
17586,frog
17587,airplane
17588,airplane
17589,frog
17591,deer
17593,frog
17594,deer
17596,deer
17598,deer
17599,deer
17601,deer
17603,ship
17606,airplane
17608,deer
17616,deer
17619,airplane
17621,deer
17628,airplane
17632,deer
17638,airplane
17642,airplane
17648,deer
17649,frog
17650,ship
17657,ship
17658,deer
17663,deer
17666,frog
17667,frog
17668,deer
17669,airplane
17673,frog
17678,airplane
17679,deer
17684,airplane
17686,airplane
17687,airplane
17692,ship
17693,deer
17697,airplane
17698,deer
17708,deer
17710,ship
17713,deer
17714,frog
17715,ship
17716,frog
17717,airplane
17723,deer
17727,frog
17729,ship
17730,frog
17738,airplane
17739,airplane
17742,ship
17744,deer
17746,airplane
17751,ship
17752,deer
17755,airplane
17761,deer
17763,deer
17765,ship
17767,ship
17768,ship
17772,deer
17778,frog
17787,airplane
17789,deer
17792,ship
17793,airplane
17797,airplane
17798,airplane
17802,frog
17806,ship
17807,frog
17809,airplane
17810,airplane
17813,ship
17816,deer
17821,ship
17827,airplane
17830,ship
17835,airplane
17838,deer
17843,airplane
17846,frog
17847,airplane
17854,frog
17859,airplane
17861,airplane
17865,ship
17869,airplane
17873,frog
17876,airplane
17877,airplane
17878,airplane
17881,airplane
17883,frog
17886,ship
17887,ship
17888,frog
17892,deer
17895,airplane
17897,frog
17900,airplane
17909,frog
17910,deer
17919,ship
17921,deer
17924,airplane
17926,frog
17929,frog
17931,ship
17935,airplane
17936,frog
17937,airplane
17938,deer
17939,deer
17941,airplane
17942,ship
17946,frog
17947,airplane
17950,airplane
17952,deer
17957,deer
17959,deer
17967,ship
17968,ship
17980,deer
17983,airplane
17985,airplane
17990,deer
17993,ship
17996,airplane
18002,frog
18003,deer
18007,ship
18010,frog
18012,frog
18014,airplane
18015,frog
18016,airplane
18021,ship
18024,frog
18025,ship
18028,deer
18038,airplane
18041,airplane
18042,deer
18044,ship
18047,deer
18058,airplane
18059,deer
18061,deer
18062,frog
18070,ship
18071,frog
18074,ship
18076,ship
18080,airplane
18082,frog
18089,airplane
18091,airplane
18093,deer
18095,frog
18096,frog
18101,airplane
18104,deer
18109,frog
18111,frog
18119,frog
18120,airplane
18121,deer
18122,deer
18127,frog
18128,airplane
18137,airplane
18144,deer
18145,ship
18147,deer
18149,airplane
18151,airplane
18153,ship
18154,frog
18156,airplane
18164,airplane
18167,frog
18169,frog
18173,airplane
18176,deer
18180,deer
18186,airplane
18187,frog
18194,ship
18196,frog
18197,frog
18198,airplane
18199,ship
18201,frog
18209,deer
18211,airplane
18214,deer
18217,airplane
18222,deer
18224,airplane
18229,airplane
18230,deer
18231,deer
18240,deer
18241,frog
18244,deer
18246,deer
18255,ship
18257,airplane
18259,deer
18260,deer
18262,ship
18263,frog
18265,deer
18266,deer
18268,ship
18287,deer
18289,ship
18290,deer
18292,ship
18294,airplane
18296,ship
18297,frog
18303,deer
18308,frog
18310,deer
18312,frog
18313,frog
18314,deer
18318,deer
18320,deer
18322,ship
18327,ship
18330,ship
18332,ship
18339,deer
18343,deer
18344,deer
18350,ship
18353,ship
18356,frog
18357,frog
18361,ship
18366,airplane
18367,frog
18368,ship
18371,frog
18372,ship
18373,frog
18374,deer
18388,airplane
18389,ship
18400,frog
18403,frog
18404,frog
18407,ship
18408,deer
18409,ship
18415,ship
18420,ship
18421,ship
18423,ship
18432,ship
18433,deer
18434,frog
18435,frog
18437,deer
18440,frog
18441,frog
18442,deer
18446,frog
18447,deer
18451,frog
18452,airplane
18456,deer
18457,ship
18458,frog
18474,ship
18475,ship
18479,deer
18481,deer
18483,ship
18492,airplane
18493,frog
18494,ship
18496,deer
18503,ship
18507,frog
18510,frog
18512,ship
18514,frog
18516,frog
18519,deer
18522,airplane
18531,ship
18537,airplane
18543,deer
18544,frog
18545,frog
18566,deer
18572,deer
18573,deer
18575,airplane
18581,ship
18583,ship
18590,ship
18592,deer
18594,ship
18595,frog
18598,airplane
18599,deer
18601,ship
18602,airplane
18605,deer
18609,ship
18611,deer
18612,ship
18615,deer
18616,airplane
18621,deer
18630,frog
18632,ship
18635,frog
18637,ship
18642,deer
18645,airplane
18648,deer
18649,airplane
18651,frog
18654,frog
18655,airplane
18660,deer
18665,ship
18667,airplane
18668,ship
18670,deer
18672,deer
18673,airplane
18675,deer
18679,frog
18680,airplane
18689,airplane
18690,ship
18691,ship
18693,frog
18694,deer
18701,airplane
18704,airplane
18706,ship
18708,airplane
18711,ship
18712,airplane
18713,ship
18714,frog
18717,airplane
18723,airplane
18727,frog
18729,deer
18733,ship
18739,frog
18740,airplane
18744,frog
18752,airplane
18754,airplane
18757,frog
18758,ship
18767,frog
18768,frog
18772,ship
18773,airplane
18779,ship
18780,airplane
18786,frog
18788,airplane
18794,ship
18796,airplane
18797,ship
18800,frog
18804,deer
18815,airplane
18818,airplane
18819,airplane
18820,ship
18822,airplane
18823,ship
18828,ship
18830,airplane
18834,frog
18835,ship
18838,airplane
18839,airplane
18841,ship
18845,ship
18851,airplane
18853,airplane
18856,deer
18857,deer
18865,airplane
18867,ship
18869,deer
18872,airplane
18875,ship
18880,deer
18881,airplane
18883,airplane
18893,ship
18898,ship
18899,airplane
18902,frog
18904,deer
18905,ship
18908,frog
18912,deer
18913,deer
18919,airplane
18923,airplane
18925,airplane
18927,ship
18934,frog
18935,frog
18939,ship
18943,ship
18951,ship
18955,deer
18959,deer
18962,deer
18964,ship
18966,airplane
18972,airplane
18986,frog
18987,airplane
18990,airplane
18991,frog
18994,deer
18995,airplane
18996,frog
19002,deer
19011,ship
19013,frog
19014,deer
19022,ship
19027,deer
19028,deer
19030,airplane
19036,ship
19038,airplane
19041,ship
19042,ship
19045,ship
19049,deer
19050,deer
19054,ship
19056,frog
19057,ship
19058,frog
19060,airplane
19065,ship
19066,frog
19075,ship
19076,airplane
19079,airplane
19085,ship
19086,deer
19087,ship
19090,ship
19097,ship
19098,frog
19100,frog
19104,airplane
19107,ship
19108,airplane
19109,ship
19111,ship
19113,frog
19114,ship
19116,ship
19117,deer
19118,deer
19119,deer
19127,deer
19128,ship
19134,ship
19136,frog
19144,deer
19146,frog
19148,ship
19153,deer
19160,frog
19161,ship
19162,ship
19164,deer
19168,deer
19174,airplane
19176,airplane
19179,deer
19183,frog
19184,frog
19199,ship
19200,deer
19206,ship
19208,airplane
19212,ship
19217,deer
19219,frog
19227,frog
19237,deer
19242,ship
19245,ship
19247,deer
19249,airplane
19250,airplane
19251,frog
19257,ship
19261,airplane
19265,deer
19266,airplane
19267,airplane
19271,ship
19278,deer
19279,airplane
19282,deer
19284,airplane
19286,frog
19289,airplane
19291,deer
19292,frog
19295,deer
19296,airplane
19297,ship
19298,frog
19299,deer
19301,frog
19302,deer
19303,deer
19306,deer
19307,frog
19309,deer
19312,airplane
19319,ship
19321,frog
19337,ship
19338,airplane
19339,airplane
19340,ship
19352,airplane
19353,deer
19354,frog
19360,deer
19364,ship
19368,airplane
19369,ship
19370,deer
19379,airplane
19386,ship
19393,ship
19399,ship
19400,airplane
19402,ship
19412,airplane
19414,ship
19416,deer
19417,airplane
19420,deer
19421,airplane
19423,frog
19426,frog
19428,deer
19432,deer
19434,frog
19438,airplane
19443,ship
19446,ship
19447,frog
19451,airplane
19454,frog
19457,ship
19459,deer
19461,ship
19467,frog
19471,ship
19473,ship
19474,frog
19481,ship
19483,airplane
19485,ship
19489,airplane
19493,deer
19499,airplane
19502,deer
19503,ship
19506,ship
19511,deer
19521,deer
19522,airplane
19526,ship
19530,frog
19534,deer
19535,frog
19542,airplane
19543,airplane
19544,airplane
19551,airplane
19555,ship
19560,ship
19562,deer
19567,deer
19571,airplane
19577,frog
19584,frog
19592,frog
19594,frog
19605,ship
19606,ship
19616,ship
19617,deer
19620,deer
19625,ship
19634,deer
19642,deer
19643,frog
19650,frog
19651,frog
19652,ship
19653,airplane
19655,frog
19667,ship
19669,frog
19671,ship
19673,deer
19675,frog
19685,airplane
19689,ship
19690,ship
19691,ship
19700,ship
19701,deer
19708,frog
19713,airplane
19717,ship
19719,deer
19722,airplane
19723,ship
19725,frog
19729,frog
19738,frog
19743,deer
19750,airplane
19751,airplane
19752,ship
19756,frog
19761,frog
19763,airplane
19770,frog
19774,deer
19778,deer
19781,airplane
19783,deer
19784,ship
19788,airplane
19792,airplane
19793,frog
19795,ship
19796,ship
19797,frog
19798,frog
19799,frog
19800,ship
19807,frog
19808,airplane
19810,ship
19811,deer
19812,deer
19813,airplane
19814,airplane
19817,airplane
19818,deer
19826,ship
19827,frog
19831,ship
19833,ship
19840,ship
19844,deer
19845,frog
19849,deer
19855,deer
19861,ship
19862,airplane
19863,ship
19871,frog
19872,ship
19874,airplane
19875,ship
19876,airplane
19879,airplane
19882,ship
19883,ship
19892,frog
19893,airplane
19894,ship
19898,airplane
19900,airplane
19903,deer
19912,ship
19916,ship
19918,frog
19921,ship
19922,ship
19923,frog
19924,airplane
19926,deer
19927,deer
19929,deer
19931,frog
19934,ship
19937,ship
19940,airplane
19943,ship
19949,frog
19951,ship
19952,airplane
19961,deer
19967,ship
19969,airplane
19971,ship
19974,airplane
19976,airplane
19984,ship
19987,ship
19988,frog
19989,frog
19990,ship
19992,deer
19993,ship
19996,ship
19997,deer
