id,label
21,airplane
30,frog
39,airplane
41,frog
67,frog
72,ship
79,frog
129,airplane
137,ship
168,frog
178,airplane
188,frog
302,ship
306,airplane
324,frog
347,ship
353,ship
373,frog
399,ship
410,deer
453,ship
468,deer
486,frog
509,ship
561,frog
563,frog
599,frog
618,frog
647,deer
673,frog
703,ship
725,ship
730,frog
736,ship
771,airplane
804,deer
809,frog
819,frog
829,airplane
876,frog
883,ship
937,ship
939,deer
970,airplane
1028,deer
1045,deer
1055,frog
1062,airplane
1063,frog
1069,frog
1096,ship
1109,frog
1159,deer
1169,frog
1182,deer
1183,frog
1196,airplane
1216,frog
1217,frog
1238,deer
1253,airplane
1256,ship
1287,ship
1323,airplane
1332,ship
1333,airplane
1356,ship
1359,ship
1378,frog
1404,deer
1414,ship
1484,ship
1485,airplane
1504,deer
1512,frog
1525,deer
1556,ship
1593,deer
1611,frog
1614,frog
1621,airplane
1632,deer
1633,deer
1643,airplane
1655,airplane
1671,airplane
1717,frog
1726,ship
1727,deer
1739,deer
1772,ship
1797,airplane
1894,frog
1923,deer
1926,deer
1929,airplane
1948,ship
1959,airplane
1987,ship
2010,deer
2057,deer
2078,deer
2102,airplane
2150,ship
2177,ship
2224,frog
2237,deer
2242,deer
2252,ship
2293,deer
2300,deer
2328,frog
2342,frog
2351,ship
2376,deer
2397,frog
2413,frog
2456,deer
2496,deer
2500,frog
2512,deer
2515,ship
2522,frog
2535,deer
2536,deer
2545,ship
2585,deer
2587,ship
2588,deer
2593,airplane
2638,ship
2649,frog
2658,airplane
2691,deer
2692,deer
2745,frog
2749,frog
2785,deer
2789,airplane
2790,ship
2819,frog
2827,ship
2839,ship
2866,deer
2883,frog
2886,ship
2921,airplane
2923,airplane
2926,airplane
2936,frog
2958,deer
2994,deer
3064,airplane
3065,frog
3088,deer
3104,ship
3108,airplane
3131,deer
3154,airplane
3181,deer
3182,deer
3186,airplane
3192,frog
3197,airplane
3223,frog
3261,frog
3282,airplane
3283,deer
3286,airplane
3313,ship
3325,frog
3352,deer
3363,ship
3367,airplane
3393,airplane
3395,airplane
3399,ship
3448,frog
3562,frog
3563,deer
3573,deer
3583,ship
3608,airplane
3609,deer
3633,airplane
3643,ship
3689,ship
3722,ship
3731,frog
3773,frog
3803,airplane
3805,deer
3828,frog
3839,ship
3873,ship
3889,airplane
3909,deer
3916,ship
3960,frog
3974,deer
3978,airplane
3985,airplane
4003,airplane
4015,ship
4055,frog
4059,frog
4066,airplane
4089,frog
4091,frog
4096,airplane
4105,ship
4152,frog
4159,frog
4160,airplane
4177,deer
4206,ship
4236,ship
4256,ship
4258,ship
4269,ship
4276,deer
4309,ship
4311,deer
4321,ship
4329,deer
4376,deer
4421,ship
4471,ship
4487,frog
4493,deer
4495,airplane
4534,frog
4542,deer
4551,airplane
4564,ship
4571,frog
4628,frog
4644,frog
4658,frog
4683,deer
4724,deer
4726,airplane
4739,airplane
4859,deer
4904,deer
4915,deer
4927,airplane
4945,ship
4955,ship
4963,airplane
4970,deer
4979,ship
4987,airplane
5003,frog
5013,deer
5034,frog
5067,deer
5096,deer
5099,frog
5118,frog
5127,ship
5129,ship
5220,ship
5235,ship
5293,frog
5299,airplane
5338,frog
5377,deer
5418,ship
5426,ship
5429,frog
5457,frog
5462,ship
5470,ship
5495,airplane
5507,ship
5541,airplane
5575,frog
5594,ship
5601,ship
5615,frog
5617,deer
5640,frog
5657,airplane
5699,airplane
5703,deer
5721,ship
5734,ship
5741,airplane
5776,ship
5783,ship
5793,airplane
5801,ship
5805,deer
5826,frog
5835,airplane
5838,frog
5860,airplane
5901,deer
5912,frog
5917,frog
5961,frog
5988,ship
5993,ship
6031,deer
6037,deer
6040,deer
6056,ship
6097,frog
6099,frog
6144,airplane
6147,deer
6157,airplane
6178,frog
6183,airplane
6190,ship
6217,deer
6220,frog
6245,airplane
6265,ship
6275,deer
6306,ship
6311,ship
6323,frog
6345,airplane
6349,ship
6366,airplane
6388,deer
6409,deer
6414,frog
6419,airplane
6428,deer
6431,ship
6439,frog
6449,frog
6457,airplane
6461,airplane
6467,deer
6504,airplane
6505,airplane
6515,deer
6517,deer
6554,deer
6597,airplane
6602,deer
6630,ship
6654,deer
6656,airplane
6658,frog
6679,airplane
6684,airplane
6686,airplane
6760,frog
6764,ship
6777,deer
6785,airplane
6841,deer
6843,deer
6857,ship
6860,ship
6881,frog
6891,airplane
6932,airplane
6935,ship
6973,ship
6987,frog
7041,airplane
7048,frog
7060,deer
7062,ship
7089,ship
7140,frog
7164,deer
7170,frog
7174,deer
7177,ship
7181,ship
7198,ship
7216,frog
7239,frog
7246,deer
7250,airplane
7283,deer
7296,ship
7311,deer
7341,airplane
7375,ship
7385,frog
7409,airplane
7482,airplane
7492,airplane
7542,airplane
7559,deer
7561,frog
7596,airplane
7611,frog
7637,frog
7642,airplane
7704,frog
7711,ship
7713,frog
7750,ship
7751,deer
7801,airplane
7816,deer
7858,deer
7907,deer
7914,deer
7967,airplane
7974,airplane
7975,airplane
7987,ship
8021,ship
8103,ship
8105,deer
8114,ship
8143,frog
8172,ship
8178,frog
8185,frog
8190,deer
8219,frog
8288,frog
8301,ship
8331,frog
8358,frog
8361,deer
8362,frog
8367,frog
8431,ship
8447,frog
8449,frog
8457,deer
8485,deer
8501,frog
8511,frog
8523,ship
8539,deer
8559,deer
8566,frog
8568,airplane
8587,frog
8591,deer
8629,ship
8654,ship
8670,deer
8696,deer
8735,ship
8772,frog
8776,ship
8793,frog
8809,deer
8813,frog
8871,airplane
8873,frog
8900,airplane
8910,airplane
8926,deer
8953,frog
8964,frog
8966,frog
8981,deer
9008,frog
9029,ship
9108,deer
9135,frog
9150,deer
9165,deer
9171,deer
9173,frog
9180,ship
9197,airplane
9202,ship
9229,airplane
9309,deer
9383,deer
9386,ship
9390,frog
9438,deer
9440,airplane
9441,deer
9461,airplane
9466,frog
9469,airplane
9477,ship
9478,frog
9512,ship
9516,ship
9549,deer
9585,ship
9590,deer
9604,deer
9615,airplane
9619,frog
9623,airplane
9676,ship
9699,frog
9728,deer
9732,frog
9743,airplane
9765,airplane
9777,frog
9782,frog
9794,ship
9795,deer
9805,ship
9825,frog
9848,frog
9901,frog
9908,frog
9911,airplane
9935,airplane
9949,airplane
9956,deer
9965,airplane
10001,airplane
10011,frog
10040,ship
10042,frog
10076,ship
10085,airplane
10089,deer
10126,ship
10130,airplane
10166,airplane
10189,frog
10194,deer
10207,frog
10218,airplane
10264,deer
10266,airplane
10291,airplane
10304,deer
10356,airplane
10399,airplane
10411,ship
10415,deer
10473,ship
10513,frog
10514,airplane
10527,ship
10534,ship
10546,deer
10553,frog
10556,deer
10567,airplane
10580,ship
10635,ship
10639,frog
10642,frog
10650,airplane
10663,ship
10703,ship
10704,airplane
10729,airplane
10733,frog
10740,ship
10741,deer
10764,deer
10769,deer
10804,ship
10821,deer
10832,airplane
10924,airplane
10949,ship
10993,airplane
10995,ship
11011,deer
11020,ship
11026,airplane
11047,deer
11064,airplane
11100,ship
11101,airplane
11119,frog
11137,deer
11159,deer
11198,ship
11215,frog
11218,airplane
11239,deer
11259,deer
11298,deer
11299,frog
11313,ship
11337,airplane
11348,frog
11353,ship
11359,ship
11389,deer
11394,frog
11420,deer
11425,deer
11479,deer
11488,deer
11525,ship
11528,airplane
11534,airplane
11542,airplane
11543,deer
11580,ship
11594,ship
11595,deer
11644,deer
11665,deer
11668,airplane
11698,ship
11726,frog
11753,ship
11810,ship
11931,frog
11941,deer
11982,frog
12000,airplane
12010,airplane
12030,airplane
12037,frog
12072,ship
12094,deer
12109,ship
12123,airplane
12124,ship
12157,frog
12168,frog
12169,ship
12185,ship
12186,deer
12197,ship
12218,frog
12221,deer
12237,frog
12252,deer
12257,airplane
12311,frog
12313,ship
12364,ship
12389,ship
12410,ship
12425,frog
12445,airplane
12447,airplane
12458,airplane
12465,ship
12466,ship
12490,frog
12493,frog
12496,ship
12511,airplane
12537,frog
12543,frog
12558,ship
12561,deer
12579,ship
12580,frog
12585,frog
12600,ship
12603,deer
12613,ship
12624,ship
12641,ship
12647,frog
12653,airplane
12684,deer
12688,ship
12705,deer
12764,airplane
12780,deer
12787,frog
12803,airplane
12808,deer
12825,frog
12841,ship
12844,airplane
12893,ship
12895,deer
12932,airplane
12935,airplane
13012,ship
13022,airplane
13038,deer
13057,ship
13109,ship
13113,airplane
13120,deer
13137,ship
13147,frog
13158,ship
13221,deer
13233,deer
13236,ship
13238,frog
13278,ship
13291,ship
13306,ship
13334,deer
13364,deer
13427,deer
13448,airplane
13458,deer
13464,frog
13470,deer
13503,airplane
13536,airplane
13553,frog
13587,airplane
13597,ship
13614,airplane
13625,ship
13651,ship
13668,airplane
13701,frog
13713,frog
13719,airplane
13744,ship
13749,frog
13771,deer
13777,deer
13818,frog
13830,airplane
13835,ship
13846,airplane
13893,frog
13903,airplane
13907,airplane
13925,airplane
13927,ship
13962,deer
13993,airplane
14001,airplane
14015,airplane
14112,airplane
14128,deer
14137,airplane
14207,deer
14213,airplane
14219,ship
14242,ship
14254,frog
14271,frog
14284,ship
14300,frog
14316,deer
14324,deer
14331,airplane
14346,airplane
14355,ship
14363,frog
14366,ship
14372,frog
14438,ship
14482,frog
14487,airplane
14501,airplane
14552,airplane
14558,deer
14559,airplane
14560,frog
14623,airplane
14629,frog
14638,frog
14662,deer
14673,airplane
14702,deer
14733,frog
14750,airplane
14760,ship
14785,ship
14809,ship
14821,airplane
14823,ship
14828,airplane
14833,deer
14846,airplane
14847,airplane
14897,frog
14904,deer
14920,airplane
15008,deer
15089,airplane
15090,ship
15156,deer
15161,airplane
15185,deer
15195,airplane
15198,ship
15277,ship
15316,airplane
15324,airplane
15352,ship
15358,deer
15363,airplane
15380,frog
15423,airplane
15439,airplane
15467,deer
15516,deer
15562,ship
15571,frog
15625,airplane
15634,frog
15688,frog
15695,airplane
15714,airplane
15729,airplane
15748,frog
15759,deer
15779,airplane
15797,deer
15827,frog
15889,airplane
15914,airplane
15935,frog
15990,airplane
15993,frog
15997,deer
16010,airplane
16011,frog
16048,deer
16125,frog
16127,frog
16139,ship
16173,airplane
16190,deer
16193,airplane
16229,frog
16247,deer
16275,ship
16334,ship
16340,deer
16353,frog
16357,frog
16391,frog
16419,ship
16438,ship
16464,deer
16469,airplane
16477,deer
16487,airplane
16533,deer
16544,deer
16550,frog
16620,ship
16630,deer
16633,airplane
16642,frog
16643,frog
16644,frog
16672,deer
16683,deer
16706,frog
16739,ship
16745,frog
16774,deer
16775,airplane
16800,frog
16819,ship
16827,airplane
16837,frog
16854,frog
16856,frog
16920,airplane
16948,airplane
16956,deer
16980,airplane
17008,airplane
17010,frog
17024,ship
17034,deer
17041,deer
17063,airplane
17072,frog
17084,deer
17129,deer
17133,airplane
17154,ship
17186,airplane
17196,deer
17204,frog
17222,deer
17234,airplane
17309,deer
17345,airplane
17369,airplane
17371,airplane
17389,ship
17404,airplane
17429,deer
17434,deer
17440,deer
17444,frog
17452,deer
17460,deer
17465,frog
17501,ship
17534,deer
17579,deer
17660,airplane
17703,ship
17733,ship
17743,frog
17744,deer
17769,frog
17777,ship
17778,frog
17802,frog
17803,airplane
17848,ship
17884,ship
17910,deer
17915,deer
17916,airplane
17941,airplane
17952,deer
17993,ship
18013,deer
18034,ship
18068,airplane
18073,airplane
18080,airplane
18101,airplane
18138,airplane
18265,deer
18287,deer
18319,frog
18349,airplane
18387,deer
18425,ship
18440,frog
18525,frog
18538,deer
18572,deer
18623,frog
18627,ship
18648,deer
18672,deer
18676,ship
18680,airplane
18710,frog
18725,deer
18785,frog
18789,deer
18823,ship
18826,frog
18828,ship
18958,airplane
18960,airplane
18965,deer
18984,airplane
19012,deer
19023,ship
19036,ship
19045,ship
19095,ship
19107,ship
19116,ship
19138,deer
19139,ship
19173,deer
19195,airplane
19252,airplane
19309,deer
19316,ship
19356,airplane
19385,airplane
19454,frog
19470,deer
19480,frog
19530,frog
19542,airplane
19545,airplane
19559,ship
19563,ship
19568,frog
19581,frog
19595,ship
19599,ship
19616,ship
19628,airplane
19723,ship
19736,airplane
19756,frog
19791,ship
19798,frog
19801,ship
19819,frog
19824,airplane
19829,frog
19837,airplane
19849,deer
19861,ship
19879,airplane
19883,ship
19884,deer
19920,ship
19930,frog
19931,frog
19938,frog
19950,airplane
19955,ship
19992,deer
