id,label
9,frog
12,airplane
19,ship
24,deer
25,ship
26,airplane
44,frog
63,ship
74,ship
81,airplane
87,ship
89,ship
92,frog
93,ship
96,deer
97,airplane
99,deer
100,airplane
117,frog
125,deer
126,deer
140,deer
145,deer
148,airplane
153,airplane
161,ship
166,deer
177,airplane
195,frog
201,ship
210,frog
211,deer
214,frog
218,deer
219,frog
223,airplane
232,ship
233,deer
234,ship
236,frog
237,frog
252,frog
253,frog
254,deer
264,frog
265,deer
285,airplane
286,airplane
300,frog
308,ship
309,frog
312,airplane
321,ship
330,airplane
338,ship
351,airplane
354,airplane
364,frog
370,airplane
374,frog
379,frog
382,deer
386,deer
394,frog
402,deer
403,deer
411,deer
425,ship
427,airplane
431,frog
432,ship
457,airplane
459,ship
461,frog
464,frog
467,airplane
471,frog
475,deer
477,airplane
479,airplane
514,airplane
519,deer
557,deer
560,frog
568,ship
569,airplane
574,deer
585,frog
604,ship
612,deer
619,frog
628,ship
631,airplane
640,frog
645,ship
649,frog
659,airplane
660,frog
663,ship
664,deer
665,deer
679,frog
683,deer
687,deer
690,ship
691,ship
695,ship
699,ship
706,deer
707,airplane
708,airplane
717,ship
723,deer
738,deer
745,frog
746,frog
750,airplane
752,frog
780,airplane
788,frog
805,airplane
823,deer
827,ship
831,airplane
837,airplane
839,ship
848,deer
850,ship
852,deer
855,frog
857,deer
858,deer
860,ship
861,ship
863,frog
871,frog
875,frog
878,deer
887,deer
904,frog
905,ship
913,deer
915,frog
929,ship
933,deer
950,frog
956,airplane
957,frog
960,airplane
968,ship
976,airplane
981,airplane
983,airplane
987,airplane
995,airplane
998,airplane
999,ship
1008,airplane
1011,frog
1016,deer
1018,airplane
1043,ship
1049,deer
1060,airplane
1065,deer
1070,airplane
1076,frog
1077,airplane
1079,deer
1095,frog
1099,deer
1104,deer
1106,airplane
1111,airplane
1112,airplane
1120,ship
1128,deer
1136,ship
1137,airplane
1151,deer
1163,airplane
1166,frog
1170,ship
1179,deer
1181,deer
1185,deer
1189,deer
1199,frog
1201,ship
1204,airplane
1207,ship
1211,airplane
1221,ship
1231,deer
1235,frog
1249,airplane
1252,ship
1257,frog
1264,ship
1265,ship
1274,airplane
1298,deer
1302,deer
1306,frog
1315,airplane
1316,deer
1322,ship
1337,airplane
1338,ship
1342,ship
1348,ship
1350,ship
1362,airplane
1370,airplane
1376,airplane
1393,frog
1402,frog
1403,airplane
1409,deer
1413,ship
1430,frog
1431,deer
1433,deer
1436,frog
1456,airplane
1462,deer
1464,frog
1470,airplane
1478,frog
1481,frog
1494,frog
1496,ship
1517,ship
1524,airplane
1527,ship
1530,airplane
1537,deer
1540,ship
1549,deer
1560,frog
1563,ship
1573,ship
1583,ship
1585,airplane
1588,airplane
1589,ship
1594,ship
1595,airplane
1598,airplane
1608,deer
1650,deer
1653,deer
1659,deer
1678,airplane
1679,airplane
1686,frog
1689,deer
1701,airplane
1706,deer
1712,deer
1718,deer
1719,deer
1723,ship
1724,ship
1728,deer
1733,deer
1734,ship
1735,ship
1738,deer
1749,frog
1751,airplane
1754,airplane
1755,ship
1761,airplane
1768,ship
1775,ship
1777,deer
1780,airplane
1791,ship
1804,deer
1816,airplane
1817,airplane
1819,deer
1822,airplane
1824,deer
1830,ship
1836,airplane
1839,ship
1841,airplane
1846,ship
1850,ship
1852,ship
1855,airplane
1856,deer
1861,frog
1865,airplane
1868,airplane
1871,airplane
1875,ship
1876,airplane
1890,deer
1899,ship
1913,deer
1916,frog
1917,deer
1932,ship
1952,deer
1972,ship
1982,frog
1989,deer
2001,deer
2004,airplane
2007,frog
2019,deer
2027,airplane
2030,airplane
2038,frog
2040,airplane
2048,deer
2055,frog
2056,deer
2067,airplane
2079,frog
2097,frog
2099,ship
2101,airplane
2106,frog
2112,frog
2115,deer
2116,frog
2121,airplane
2125,airplane
2128,deer
2134,deer
2140,airplane
2141,ship
2143,frog
2167,ship
2174,ship
2175,deer
2176,frog
2193,deer
2194,ship
2199,deer
2200,frog
2225,airplane
2226,ship
2231,frog
2265,frog
2267,deer
2269,airplane
2274,airplane
2282,frog
2284,deer
2315,deer
2326,deer
2332,ship
2356,deer
2358,frog
2359,ship
2369,airplane
2373,ship
2375,frog
2388,airplane
2393,deer
2399,airplane
2405,frog
2421,ship
2427,airplane
2429,ship
2431,ship
2437,ship
2438,deer
2447,airplane
2450,airplane
2462,deer
2463,airplane
2469,frog
2472,deer
2475,deer
2481,airplane
2483,deer
2495,frog
2497,airplane
2498,airplane
2502,airplane
2504,frog
2509,ship
2517,ship
2518,airplane
2534,frog
2537,deer
2550,deer
2555,deer
2561,frog
2578,deer
2579,airplane
2591,ship
2596,airplane
2599,airplane
2609,airplane
2613,ship
2630,deer
2632,deer
2633,frog
2642,ship
2659,ship
2666,deer
2676,frog
2682,ship
2694,deer
2725,deer
2728,airplane
2732,airplane
2740,ship
2741,airplane
2750,frog
2752,airplane
2763,ship
2777,ship
2791,deer
2793,deer
2796,ship
2797,ship
2802,deer
2809,ship
2817,frog
2818,airplane
2820,frog
2822,deer
2841,deer
2843,frog
2845,deer
2847,ship
2849,airplane
2855,airplane
2856,frog
2875,deer
2894,deer
2905,ship
2924,deer
2930,deer
2934,ship
2940,ship
2941,frog
2943,airplane
2953,frog
2960,frog
2961,ship
2962,ship
2965,ship
2969,deer
2980,airplane
2985,frog
2988,frog
2989,deer
2999,deer
3003,ship
3011,deer
3016,airplane
3017,deer
3018,ship
3028,ship
3029,ship
3037,frog
3047,airplane
3068,airplane
3080,ship
3091,ship
3095,deer
3127,frog
3132,frog
3134,frog
3137,airplane
3140,ship
3147,airplane
3149,deer
3162,airplane
3163,airplane
3167,deer
3170,deer
3174,airplane
3177,airplane
3184,airplane
3198,frog
3201,airplane
3202,deer
3205,frog
3220,frog
3227,frog
3229,airplane
3239,frog
3247,ship
3254,frog
3258,ship
3277,ship
3284,airplane
3287,frog
3295,ship
3302,frog
3314,ship
3316,frog
3326,airplane
3334,frog
3336,ship
3362,ship
3374,frog
3375,ship
3383,airplane
3385,frog
3396,airplane
3406,airplane
3411,deer
3423,frog
3441,deer
3446,ship
3454,airplane
3457,ship
3459,frog
3470,airplane
3473,airplane
3476,airplane
3486,frog
3501,frog
3503,frog
3521,airplane
3524,ship
3525,deer
3550,deer
3558,ship
3565,airplane
3566,airplane
3572,frog
3596,ship
3602,deer
3610,deer
3614,ship
3622,frog
3626,frog
3627,frog
3631,airplane
3637,ship
3639,deer
3646,airplane
3656,frog
3658,ship
3665,ship
3672,airplane
3678,deer
3683,airplane
3696,ship
3706,frog
3707,deer
3718,airplane
3719,deer
3727,frog
3729,deer
3735,ship
3737,deer
3738,frog
3764,deer
3766,airplane
3767,airplane
3771,airplane
3772,airplane
3774,frog
3781,deer
3782,ship
3785,ship
3791,airplane
3793,deer
3795,frog
3802,airplane
3809,frog
3824,airplane
3827,deer
3829,airplane
3834,airplane
3851,airplane
3857,airplane
3859,deer
3867,deer
3871,frog
3882,deer
3890,ship
3891,deer
3892,airplane
3897,deer
3906,frog
3912,ship
3917,ship
3928,ship
3939,ship
3949,ship
3955,frog
3963,deer
3964,deer
3977,airplane
3981,airplane
3989,frog
3990,airplane
3996,deer
3999,frog
4000,deer
4006,frog
4007,frog
4017,deer
4021,airplane
4025,airplane
4026,ship
4033,frog
4034,deer
4038,frog
4039,airplane
4050,ship
4051,frog
4061,frog
4067,frog
4071,deer
4075,deer
4078,frog
4085,deer
4093,airplane
4095,frog
4100,ship
4101,deer
4110,ship
4111,ship
4118,deer
4123,airplane
4127,ship
4129,ship
4132,airplane
4134,airplane
4137,ship
4148,ship
4161,frog
4166,deer
4171,deer
4173,deer
4183,airplane
4185,airplane
4211,airplane
4217,airplane
4218,airplane
4221,ship
4229,ship
4246,ship
4248,ship
4250,deer
4252,deer
4253,airplane
4254,deer
4280,frog
4282,airplane
4284,frog
4285,deer
4288,airplane
4290,frog
4292,ship
4313,frog
4326,ship
4336,deer
4342,deer
4362,deer
4367,deer
4368,deer
4377,airplane
4383,frog
4394,airplane
4399,frog
4405,deer
4422,deer
4424,airplane
4433,deer
4438,airplane
4449,frog
4450,frog
4455,frog
4456,frog
4461,airplane
4469,deer
4482,ship
4496,ship
4500,deer
4504,frog
4512,ship
4518,deer
4519,airplane
4520,airplane
4523,ship
4525,ship
4548,ship
4552,ship
4560,frog
4569,deer
4575,airplane
4581,airplane
4582,frog
4585,frog
4594,airplane
4595,ship
4600,ship
4610,frog
4613,ship
4626,airplane
4634,ship
4637,frog
4642,deer
4648,ship
4652,airplane
4656,deer
4663,ship
4668,airplane
4674,deer
4677,ship
4702,ship
4704,deer
4712,ship
4728,frog
4734,frog
4743,frog
4749,airplane
4752,ship
4756,airplane
4764,frog
4768,deer
4769,airplane
4770,deer
4775,frog
4781,deer
4782,ship
4788,airplane
4790,frog
4795,frog
4799,ship
4807,ship
4809,deer
4813,deer
4817,deer
4831,frog
4832,airplane
4835,deer
4839,ship
4848,airplane
4852,frog
4855,ship
4864,deer
4867,frog
4869,frog
4870,deer
4871,airplane
4874,frog
4897,airplane
4902,frog
4906,ship
4911,frog
4929,airplane
4952,frog
4962,deer
4967,frog
4973,ship
4991,frog
5024,airplane
5029,deer
5039,ship
5052,ship
5056,frog
5068,ship
5080,frog
5084,ship
5090,airplane
5097,frog
5103,airplane
5120,ship
5124,ship
5126,frog
5141,ship
5151,airplane
5153,frog
5166,ship
5167,frog
5175,airplane
5178,airplane
5180,airplane
5186,airplane
5197,deer
5206,airplane
5218,airplane
5227,ship
5231,ship
5238,deer
5247,deer
5249,ship
5252,ship
5261,ship
5267,deer
5270,frog
5274,airplane
5276,deer
5279,frog
5281,deer
5284,ship
5292,frog
5294,airplane
5302,frog
5310,frog
5322,deer
5329,ship
5335,airplane
5349,deer
5350,deer
5351,frog
5354,frog
5363,ship
5364,airplane
5375,deer
5405,airplane
5410,frog
5422,deer
5430,airplane
5434,ship
5443,deer
5451,ship
5456,frog
5458,airplane
5463,airplane
5468,ship
5473,ship
5474,ship
5475,airplane
5476,frog
5488,ship
5496,frog
5497,frog
5500,frog
5505,frog
5508,ship
5536,ship
5544,deer
5546,frog
5549,deer
5557,ship
5562,frog
5565,deer
5566,deer
5570,deer
5577,airplane
5579,frog
5585,deer
5591,airplane
5598,deer
5599,frog
5604,ship
5605,airplane
5608,airplane
5613,deer
5618,ship
5625,airplane
5630,airplane
5631,frog
5632,frog
5635,deer
5643,deer
5651,airplane
5652,frog
5654,ship
5659,ship
5662,frog
5682,deer
5684,frog
5692,ship
5704,frog
5715,frog
5718,airplane
5724,ship
5742,airplane
5748,ship
5750,airplane
5761,deer
5763,frog
5768,frog
5771,airplane
5777,ship
5779,ship
5802,airplane
5810,deer
5816,airplane
5817,frog
5818,deer
5819,deer
5864,frog
5869,airplane
5877,frog
5886,deer
5889,deer
5898,deer
5902,frog
5906,deer
5919,ship
5927,frog
5929,ship
5934,frog
5938,ship
5947,airplane
5948,ship
5951,deer
5965,ship
5976,ship
5998,airplane
6001,ship
6005,frog
6008,deer
6011,frog
6023,frog
6024,airplane
6025,ship
6028,deer
6034,ship
6042,deer
6048,deer
6062,deer
6063,deer
6067,airplane
6068,deer
6069,ship
6071,deer
6073,deer
6075,deer
6076,deer
6080,ship
6083,airplane
6087,frog
6115,frog
6119,airplane
6123,deer
6145,frog
6168,ship
6186,frog
6187,airplane
6188,ship
6195,deer
6200,frog
6206,ship
6208,airplane
6224,ship
6227,deer
6228,deer
6239,deer
6241,deer
6242,ship
6246,airplane
6247,airplane
6257,ship
6264,deer
6268,frog
6285,airplane
6289,ship
6293,airplane
6295,deer
6297,airplane
6309,ship
6310,ship
6316,deer
6318,deer
6320,ship
6329,frog
6332,frog
6343,ship
6351,ship
6357,deer
6374,ship
6376,frog
6380,deer
6381,deer
6384,frog
6389,ship
6407,airplane
6413,airplane
6415,frog
6429,deer
6436,airplane
6437,ship
6448,frog
6455,deer
6458,frog
6459,airplane
6474,airplane
6482,airplane
6487,ship
6488,deer
6499,deer
6503,airplane
6507,ship
6513,ship
6518,ship
6527,ship
6528,airplane
6541,deer
6543,airplane
6551,frog
6555,airplane
6578,airplane
6585,deer
6588,ship
6591,ship
6600,ship
6603,frog
6604,frog
6611,ship
6613,frog
6622,deer
6627,ship
6643,ship
6644,frog
6661,deer
6664,ship
6677,ship
6681,frog
6685,airplane
6688,airplane
6702,deer
6709,frog
6711,airplane
6715,deer
6723,ship
6726,frog
6732,frog
6741,ship
6747,ship
6762,frog
6771,frog
6783,airplane
6784,ship
6793,ship
6794,ship
6819,deer
6822,frog
6827,deer
6828,deer
6830,frog
6834,frog
6849,ship
6850,frog
6855,frog
6856,ship
6865,ship
6874,deer
6885,frog
6888,airplane
6894,airplane
6904,ship
6923,airplane
6929,ship
6930,frog
6934,deer
6955,airplane
6968,airplane
6970,deer
6977,frog
6981,ship
6984,frog
6992,deer
6993,frog
7002,airplane
7008,airplane
7023,ship
7029,frog
7049,airplane
7055,deer
7072,deer
7073,deer
7075,frog
7077,ship
7084,deer
7103,deer
7104,ship
7105,ship
7106,ship
7107,ship
7121,airplane
7131,ship
7139,frog
7142,deer
7144,ship
7148,frog
7171,frog
7175,ship
7176,frog
7179,ship
7183,airplane
7205,ship
7211,ship
7215,ship
7217,deer
7230,airplane
7232,deer
7233,airplane
7238,airplane
7244,deer
7255,frog
7257,frog
7265,frog
7266,airplane
7268,deer
7272,deer
7273,deer
7281,frog
7285,airplane
7288,airplane
7292,ship
7295,ship
7304,deer
7317,frog
7332,frog
7337,airplane
7345,frog
7350,frog
7360,deer
7368,airplane
7380,airplane
7384,frog
7390,frog
7403,ship
7417,deer
7426,frog
7430,airplane
7432,ship
7435,airplane
7443,ship
7455,ship
7456,deer
7464,frog
7466,frog
7471,deer
7474,ship
7490,airplane
7495,deer
7497,ship
7500,airplane
7503,ship
7505,frog
7508,airplane
7519,frog
7549,frog
7555,airplane
7567,airplane
7570,airplane
7571,ship
7581,deer
7588,ship
7591,ship
7597,ship
7601,ship
7615,frog
7616,deer
7618,airplane
7620,ship
7635,ship
7638,airplane
7658,airplane
7660,airplane
7670,ship
7673,airplane
7680,airplane
7681,deer
7683,deer
7686,airplane
7687,airplane
7689,ship
7694,frog
7722,frog
7733,deer
7738,deer
7744,deer
7753,ship
7754,ship
7759,airplane
7765,deer
7771,frog
7776,airplane
7777,ship
7778,deer
7786,frog
7794,deer
7808,ship
7810,ship
7814,airplane
7820,deer
7822,ship
7825,frog
7827,frog
7855,airplane
7856,frog
7867,airplane
7875,deer
7885,airplane
7887,deer
7891,ship
7892,ship
7893,frog
7904,airplane
7908,airplane
7912,deer
7916,deer
7924,airplane
7932,frog
7935,frog
7943,ship
7944,deer
7946,airplane
7963,ship
7979,ship
7993,ship
7998,airplane
8002,deer
8005,ship
8011,frog
8018,frog
8020,deer
8024,deer
8028,deer
8029,ship
8037,airplane
8052,ship
8057,airplane
8058,frog
8061,frog
8080,ship
8085,deer
8087,frog
8088,ship
8093,deer
8094,ship
8095,frog
8107,deer
8111,frog
8113,frog
8115,deer
8121,frog
8122,airplane
8130,deer
8131,ship
8134,ship
8152,ship
8159,deer
8166,ship
8168,frog
8181,frog
8182,deer
8183,airplane
8195,ship
8199,deer
8202,deer
8208,frog
8212,airplane
8217,deer
8221,deer
8222,deer
8239,ship
8242,airplane
8247,frog
8251,ship
8260,ship
8265,airplane
8274,deer
8279,deer
8280,airplane
8282,deer
8283,airplane
8285,frog
8289,deer
8297,deer
8300,airplane
8302,ship
8310,deer
8313,deer
8322,ship
8329,ship
8330,ship
8359,deer
8368,frog
8376,ship
8379,deer
8380,airplane
8387,deer
8396,frog
8404,frog
8406,frog
8408,deer
8417,airplane
8422,deer
8424,frog
8426,airplane
8436,frog
8438,deer
8453,airplane
8454,ship
8455,airplane
8456,frog
8468,frog
8486,ship
8498,deer
8502,airplane
8505,airplane
8508,airplane
8510,frog
8516,frog
8520,ship
8522,ship
8524,airplane
8525,ship
8556,airplane
8565,ship
8572,frog
8576,airplane
8577,ship
8578,deer
8580,airplane
8586,ship
8593,airplane
8594,ship
8595,deer
8609,ship
8613,airplane
8618,ship
8619,airplane
8620,deer
8623,deer
8650,airplane
8657,ship
8679,ship
8684,airplane
8693,airplane
8699,frog
8701,frog
8709,ship
8711,deer
8716,deer
8728,deer
8733,frog
8738,frog
8754,airplane
8759,deer
8761,deer
8766,deer
8777,airplane
8779,frog
8787,frog
8789,ship
8791,ship
8795,ship
8799,deer
8805,airplane
8815,frog
8823,frog
8829,deer
8832,deer
8835,frog
8839,deer
8841,ship
8842,airplane
8846,deer
8847,airplane
8850,ship
8851,ship
8877,frog
8880,frog
8882,frog
8889,airplane
8920,frog
8923,deer
8928,deer
8930,ship
8932,deer
8971,airplane
8976,airplane
8985,frog
8993,frog
8996,deer
8998,deer
9006,ship
9012,deer
9017,airplane
9023,ship
9026,ship
9036,ship
9037,deer
9039,ship
9062,frog
9065,ship
9070,deer
9072,ship
9087,airplane
9089,ship
9097,ship
9098,frog
9117,airplane
9119,frog
9120,deer
9126,deer
9127,frog
9131,ship
9144,frog
9153,frog
9156,frog
9164,ship
9178,airplane
9179,frog
9191,deer
9195,frog
9196,ship
9199,airplane
9203,deer
9209,airplane
9210,deer
9212,airplane
9222,frog
9225,ship
9230,airplane
9251,ship
9254,frog
9255,airplane
9259,deer
9268,frog
9269,frog
9274,frog
9276,frog
9281,ship
9284,ship
9292,ship
9305,deer
9308,ship
9311,frog
9320,ship
9324,deer
9325,airplane
9333,deer
9334,airplane
9336,frog
9345,ship
9351,ship
9356,deer
9368,deer
9377,airplane
9378,ship
9389,frog
9398,ship
9401,deer
9428,airplane
9429,ship
9436,frog
9437,airplane
9448,deer
9449,frog
9453,airplane
9454,ship
9463,ship
9473,frog
9497,deer
9508,frog
9511,frog
9513,frog
9519,airplane
9521,ship
9526,deer
9529,frog
9541,airplane
9566,airplane
9569,airplane
9573,ship
9586,ship
9594,frog
9600,ship
9601,frog
9614,ship
9622,ship
9635,airplane
9647,ship
9648,airplane
9651,ship
9658,ship
9673,ship
9701,ship
9704,airplane
9711,airplane
9724,airplane
9737,airplane
9740,deer
9744,deer
9746,deer
9768,airplane
9778,deer
9798,ship
9808,ship
9813,ship
9817,airplane
9827,deer
9836,airplane
9839,airplane
9842,frog
9845,ship
9847,deer
9850,airplane
9880,frog
9896,airplane
9900,airplane
9919,airplane
9921,ship
9942,airplane
9947,deer
9958,deer
9960,ship
9967,frog
9977,ship
9985,airplane
9992,ship
9996,deer
10029,airplane
10031,ship
10033,deer
10045,frog
10050,frog
10056,ship
10059,frog
10090,frog
10096,ship
10102,airplane
10105,airplane
10109,airplane
10112,frog
10114,deer
10116,airplane
10125,frog
10140,deer
10141,deer
10151,ship
10155,frog
10162,airplane
10183,deer
10195,frog
10206,ship
10209,deer
10223,airplane
10228,ship
10230,ship
10236,frog
10250,deer
10253,ship
10258,deer
10268,airplane
10293,deer
10299,deer
10305,frog
10306,frog
10307,airplane
10313,frog
10316,frog
10319,airplane
10347,ship
10349,deer
10360,frog
10363,frog
10364,frog
10365,deer
10366,frog
10375,ship
10378,deer
10385,airplane
10397,frog
10400,ship
10404,frog
10406,frog
10410,deer
10414,deer
10427,frog
10440,airplane
10441,ship
10445,airplane
10447,deer
10458,airplane
10478,frog
10483,frog
10491,ship
10493,ship
10495,airplane
10510,frog
10511,airplane
10512,frog
10524,frog
10530,frog
10541,frog
10544,deer
10547,ship
10549,frog
10562,frog
10569,deer
10570,deer
10574,deer
10575,airplane
10579,ship
10582,deer
10583,frog
10586,frog
10587,frog
10591,frog
10592,frog
10605,frog
10611,frog
10616,frog
10617,ship
10622,frog
10636,deer
10641,airplane
10645,ship
10655,frog
10658,ship
10660,ship
10667,airplane
10670,ship
10672,ship
10673,frog
10681,frog
10684,ship
10689,airplane
10693,airplane
10697,airplane
10699,airplane
10700,ship
10723,frog
10724,deer
10730,ship
10743,airplane
10750,deer
10752,frog
10757,deer
10763,airplane
10771,ship
10773,deer
10775,airplane
10776,frog
10777,frog
10792,ship
10794,deer
10795,frog
10815,frog
10820,deer
10826,airplane
10850,deer
10857,frog
10871,deer
10883,deer
10894,deer
10897,ship
10915,airplane
10920,deer
10928,ship
10951,frog
10954,deer
10962,deer
10968,airplane
10973,airplane
10977,frog
10986,deer
10988,frog
10990,frog
10991,deer
11006,ship
11019,deer
11027,airplane
11029,deer
11030,ship
11031,airplane
11048,deer
11049,ship
11053,deer
11056,deer
11058,frog
11072,frog
11080,frog
11086,ship
11088,airplane
11089,frog
11104,deer
11146,airplane
11147,ship
11160,ship
11186,ship
11191,deer
11194,ship
11197,airplane
11199,deer
11211,ship
11212,airplane
11213,frog
11223,deer
11227,frog
11233,deer
11238,airplane
11241,ship
11246,airplane
11260,deer
11297,frog
11301,ship
11304,airplane
11311,ship
11316,ship
11317,airplane
11330,ship
11341,frog
11349,ship
11351,deer
11352,frog
11354,airplane
11363,ship
11365,ship
11372,frog
11373,airplane
11388,airplane
11391,ship
11399,frog
11400,frog
11406,airplane
11408,ship
11412,airplane
11414,airplane
11415,deer
11416,ship
11418,airplane
11422,airplane
11432,frog
11433,deer
11436,deer
11437,frog
11443,frog
11452,airplane
11466,airplane
11471,airplane
11472,frog
11473,airplane
11476,frog
11478,frog
11482,deer
11492,deer
11498,ship
11510,frog
11520,deer
11524,ship
11527,frog
11531,ship
11532,deer
11533,deer
11546,airplane
11549,airplane
11553,airplane
11561,deer
11564,airplane
11567,frog
11568,ship
11571,frog
11574,airplane
11575,deer
11608,deer
11614,airplane
11621,frog
11622,deer
11624,deer
11636,deer
11640,deer
11645,deer
11646,airplane
11647,airplane
11648,frog
11655,frog
11657,airplane
11661,airplane
11662,frog
11672,airplane
11677,airplane
11681,frog
11683,airplane
11685,airplane
11701,ship
11707,airplane
11712,frog
11714,ship
11718,deer
11719,ship
11720,frog
11721,frog
11723,deer
11733,airplane
11748,frog
11762,ship
11766,deer
11768,airplane
11772,ship
11780,ship
11784,ship
11787,airplane
11800,airplane
11803,airplane
11806,deer
11817,airplane
11818,frog
11836,ship
11837,frog
11839,frog
11840,frog
11845,ship
11859,airplane
11872,airplane
11874,airplane
11876,ship
11883,ship
11884,ship
11889,frog
11890,frog
11893,frog
11907,deer
11916,airplane
11943,ship
11953,airplane
11956,ship
11957,ship
11958,frog
11963,frog
11971,frog
11989,airplane
11997,deer
11998,airplane
12013,frog
12015,deer
12022,ship
12029,airplane
12033,ship
12038,airplane
12049,ship
12053,deer
12055,airplane
12062,deer
12073,airplane
12081,airplane
12082,ship
12083,deer
12089,ship
12103,frog
12104,deer
12106,airplane
12110,frog
12112,airplane
12117,ship
12122,ship
12127,airplane
12130,airplane
12132,airplane
12134,ship
12135,deer
12139,deer
12154,frog
12162,deer
12171,airplane
12187,ship
12195,airplane
12207,deer
12208,ship
12211,airplane
12212,ship
12224,airplane
12225,airplane
12227,ship
12230,frog
12238,airplane
12241,deer
12243,frog
12250,airplane
12253,deer
12256,frog
12264,frog
12280,ship
12281,airplane
12288,deer
12301,ship
12312,deer
12319,deer
12323,frog
12335,frog
12348,ship
12356,airplane
12361,airplane
12372,airplane
12381,airplane
12387,ship
12406,frog
12414,frog
12416,frog
12428,airplane
12444,ship
12457,ship
12459,airplane
12468,deer
12474,airplane
12478,deer
12481,frog
12482,ship
12483,ship
12486,frog
12488,ship
12492,ship
12497,frog
12499,ship
12525,ship
12536,deer
12556,airplane
12562,airplane
12572,ship
12575,deer
12586,deer
12604,frog
12619,airplane
12621,airplane
12625,deer
12626,deer
12636,deer
12638,deer
12644,airplane
12648,deer
12658,deer
12666,frog
12668,airplane
12674,deer
12696,frog
12700,ship
12703,ship
12706,frog
12713,airplane
12726,deer
12729,airplane
12733,ship
12734,ship
12743,deer
12747,airplane
12749,ship
12758,airplane
12771,airplane
12774,airplane
12775,deer
12781,airplane
12785,airplane
12790,deer
12811,airplane
12815,deer
12819,ship
12826,deer
12831,airplane
12856,airplane
12859,ship
12861,airplane
12863,airplane
12869,airplane
12879,deer
12880,airplane
12891,ship
12892,deer
12898,airplane
12906,deer
12909,ship
12910,ship
12920,frog
12940,deer
12952,deer
12958,airplane
12982,airplane
12988,frog
13000,deer
13007,airplane
13009,ship
13015,ship
13017,frog
13033,frog
13036,ship
13037,airplane
13039,frog
13046,airplane
13049,airplane
13056,deer
13063,airplane
13074,frog
13078,ship
13082,airplane
13088,airplane
13091,ship
13116,frog
13125,ship
13133,ship
13136,airplane
13144,frog
13159,airplane
13161,ship
13164,airplane
13172,ship
13175,frog
13183,deer
13186,airplane
13192,airplane
13194,frog
13202,airplane
13204,frog
13208,deer
13216,ship
13222,deer
13224,deer
13225,ship
13229,deer
13234,airplane
13235,frog
13237,airplane
13242,deer
13247,deer
13250,frog
13253,deer
13282,frog
13289,ship
13318,airplane
13328,deer
13349,airplane
13358,airplane
13361,frog
13366,ship
13376,frog
13386,airplane
13393,frog
13397,airplane
13404,deer
13405,frog
13408,airplane
13416,frog
13418,frog
13419,deer
13420,ship
13434,frog
13435,deer
13438,frog
13441,airplane
13447,frog
13459,airplane
13467,airplane
13475,frog
13487,airplane
13498,deer
13500,deer
13502,deer
13507,airplane
13510,frog
13514,ship
13517,frog
13526,deer
13530,deer
13532,frog
13537,airplane
13548,deer
13561,deer
13563,ship
13568,deer
13593,deer
13600,deer
13601,frog
13606,deer
13609,frog
13610,ship
13616,airplane
13618,airplane
13621,airplane
13622,airplane
13643,frog
13645,airplane
13649,airplane
13660,deer
13665,deer
13673,ship
13676,frog
13684,frog
13695,frog
13706,ship
13709,frog
13711,airplane
13740,deer
13753,deer
13757,airplane
13761,deer
13775,ship
13783,airplane
13793,airplane
13794,deer
13806,ship
13812,ship
13814,ship
13816,frog
13820,airplane
13824,airplane
13826,deer
13828,frog
13845,deer
13854,frog
13858,deer
13862,frog
13868,deer
13872,airplane
13885,ship
13901,ship
13910,frog
13932,frog
13939,ship
13941,frog
13944,frog
13947,airplane
13948,frog
13953,deer
14016,airplane
14025,deer
14026,ship
14029,frog
14036,frog
14044,frog
14047,frog
14051,frog
14056,airplane
14058,deer
14064,ship
14074,deer
14082,frog
14084,ship
14093,deer
14099,ship
14116,airplane
14122,frog
14127,airplane
14130,deer
14131,airplane
14133,airplane
14140,frog
14157,deer
14168,ship
14169,airplane
14179,ship
14181,frog
14193,airplane
14196,ship
14212,deer
14214,airplane
14221,airplane
14222,airplane
14227,deer
14230,deer
14231,deer
14247,airplane
14248,frog
14249,deer
14255,ship
14260,deer
14264,airplane
14273,airplane
14275,frog
14313,airplane
14320,airplane
14321,airplane
14325,airplane
14329,deer
14338,frog
14365,deer
14368,ship
14373,frog
14387,deer
14394,deer
14406,airplane
14411,deer
14413,ship
14414,deer
14420,airplane
14421,frog
14424,airplane
14432,ship
14440,frog
14453,airplane
14454,frog
14455,deer
14464,ship
14466,frog
14477,airplane
14485,airplane
14488,ship
14494,frog
14497,frog
14505,deer
14520,airplane
14522,ship
14539,frog
14549,airplane
14563,airplane
14576,frog
14578,deer
14588,airplane
14590,airplane
14592,airplane
14602,airplane
14610,ship
14619,deer
14633,airplane
14644,deer
14656,deer
14657,frog
14661,frog
14668,frog
14669,deer
14675,frog
14676,frog
14682,frog
14685,frog
14689,airplane
14698,deer
14706,ship
14716,deer
14729,airplane
14736,airplane
14742,ship
14744,frog
14753,deer
14754,airplane
14758,frog
14766,deer
14772,deer
14774,ship
14776,ship
14780,ship
14783,deer
14790,deer
14792,ship
14801,deer
14807,deer
14808,deer
14818,ship
14820,frog
14825,ship
14837,frog
14850,frog
14856,airplane
14858,frog
14865,airplane
14866,airplane
14869,deer
14870,airplane
14885,frog
14892,deer
14896,ship
14900,deer
14910,deer
14916,airplane
14921,ship
14940,frog
14947,ship
14959,deer
14960,deer
14971,ship
14979,airplane
14982,airplane
15001,ship
15007,ship
15009,ship
15017,deer
15029,airplane
15031,deer
15035,ship
15042,ship
15065,deer
15093,ship
15103,ship
15107,ship
15112,ship
15114,deer
15115,frog
15134,frog
15137,deer
15141,frog
15150,deer
15152,airplane
15153,airplane
15158,frog
15160,deer
15162,deer
15164,frog
15166,deer
15172,frog
15188,airplane
15209,ship
15212,ship
15218,deer
15232,deer
15241,airplane
15249,deer
15251,frog
15258,frog
15262,airplane
15267,ship
15269,airplane
15272,frog
15279,deer
15299,deer
15311,frog
15323,airplane
15334,ship
15339,deer
15353,frog
15357,ship
15373,ship
15390,airplane
15397,ship
15403,frog
15405,frog
15420,airplane
15421,deer
15426,airplane
15427,ship
15432,deer
15435,frog
15443,ship
15446,airplane
15459,deer
15460,airplane
15463,airplane
15464,frog
15465,airplane
15470,frog
15476,deer
15481,airplane
15487,ship
15489,deer
15518,deer
15519,airplane
15524,ship
15531,deer
15538,frog
15545,airplane
15546,frog
15549,frog
15551,frog
15564,ship
15570,ship
15586,deer
15595,deer
15603,frog
15607,deer
15612,ship
15613,airplane
15614,ship
15629,deer
15642,airplane
15648,ship
15650,ship
15661,deer
15664,frog
15668,ship
15671,frog
15673,airplane
15675,frog
15676,frog
15687,frog
15696,deer
15697,frog
15700,ship
15728,ship
15736,deer
15743,frog
15755,frog
15757,deer
15770,airplane
15786,ship
15802,ship
15804,frog
15812,airplane
15819,deer
15825,frog
15845,ship
15860,ship
15869,deer
15880,frog
15888,airplane
15896,airplane
15897,frog
15904,ship
15911,airplane
15917,frog
15928,deer
15936,frog
15949,airplane
15956,airplane
15959,airplane
15961,deer
15963,ship
15966,airplane
15974,ship
15980,frog
15992,airplane
16003,frog
16008,deer
16027,ship
16028,deer
16029,deer
16030,ship
16034,deer
16036,ship
16038,frog
16058,ship
16059,ship
16062,deer
16065,frog
16066,deer
16069,frog
16077,deer
16078,deer
16091,deer
16103,frog
16108,frog
16110,airplane
16133,frog
16136,frog
16143,ship
16145,ship
16148,frog
16152,deer
16157,ship
16160,frog
16165,ship
16172,ship
16174,ship
16179,airplane
16180,ship
16186,frog
16188,deer
16194,ship
16197,ship
16210,frog
16214,deer
16234,deer
16238,ship
16248,ship
16261,airplane
16264,frog
16265,frog
16268,airplane
16276,deer
16279,deer
16285,deer
16287,deer
16294,frog
16311,frog
16315,airplane
16319,airplane
16324,airplane
16326,deer
16328,airplane
16345,deer
16347,ship
16363,deer
16370,ship
16381,ship
16388,airplane
16389,ship
16393,ship
16407,airplane
16410,ship
16424,frog
16433,deer
16436,airplane
16437,airplane
16440,deer
16448,ship
16456,ship
16461,deer
16466,deer
16471,airplane
16479,frog
16495,frog
16518,deer
16523,deer
16525,deer
16529,ship
16532,frog
16538,deer
16541,frog
16543,ship
16554,airplane
16557,frog
16562,ship
16564,airplane
16576,ship
16580,deer
16581,frog
16582,deer
16583,deer
16614,frog
16618,deer
16619,airplane
16629,frog
16641,deer
16664,airplane
16667,deer
16680,deer
16687,deer
16695,deer
16701,deer
16713,airplane
16726,airplane
16736,ship
16737,airplane
16754,frog
16755,deer
16756,airplane
16764,airplane
16769,ship
16770,frog
16780,airplane
16785,frog
16786,frog
16793,ship
16795,airplane
16797,airplane
16799,ship
16806,airplane
16807,deer
16809,deer
16816,deer
16817,ship
16818,deer
16824,frog
16833,ship
16846,frog
16847,deer
16855,ship
16861,frog
16862,ship
16863,airplane
16877,airplane
16889,frog
16896,frog
16897,frog
16904,frog
16907,ship
16909,airplane
16916,ship
16924,airplane
16934,ship
16938,deer
16940,airplane
16947,ship
16950,frog
17001,frog
17007,ship
17012,ship
17016,frog
17017,deer
17019,ship
17020,airplane
17035,frog
17036,frog
17044,ship
17058,airplane
17059,frog
17093,deer
17096,airplane
17098,ship
17099,ship
17100,airplane
17103,airplane
17104,frog
17106,ship
17109,deer
17112,ship
17119,airplane
17120,frog
17125,frog
17136,ship
17141,frog
17155,airplane
17170,deer
17171,frog
17180,deer
17183,frog
17194,frog
17197,frog
17201,deer
17215,frog
17230,deer
17236,airplane
17261,deer
17271,deer
17273,ship
17276,ship
17286,deer
17288,deer
17289,deer
17292,frog
17294,ship
17303,frog
17308,airplane
17311,frog
17317,airplane
17329,frog
17336,frog
17341,frog
17344,ship
17346,deer
17350,airplane
17367,ship
17368,ship
17387,airplane
17388,frog
17390,ship
17392,frog
17395,ship
17400,frog
17408,frog
17413,frog
17421,frog
17426,ship
17432,airplane
17439,frog
17441,airplane
17442,deer
17450,deer
17459,frog
17463,frog
17472,ship
17480,deer
17481,deer
17499,ship
17500,frog
17504,deer
17515,frog
17530,airplane
17557,airplane
17558,deer
17571,frog
17582,ship
17590,ship
17597,deer
17603,ship
17621,deer
17622,ship
17630,airplane
17636,frog
17637,frog
17652,airplane
17653,ship
17654,frog
17655,ship
17656,ship
17658,deer
17678,airplane
17681,frog
17690,airplane
17693,deer
17706,frog
17707,ship
17716,frog
17718,frog
17726,frog
17729,ship
17732,deer
17739,airplane
17747,airplane
17751,ship
17752,deer
17756,ship
17759,ship
17763,deer
17767,ship
17770,deer
17782,frog
17784,frog
17785,ship
17788,ship
17793,airplane
17798,airplane
17799,deer
17814,airplane
17818,deer
17840,ship
17851,frog
17852,frog
17854,frog
17860,airplane
17865,ship
17869,airplane
17873,frog
17876,airplane
17877,airplane
17882,ship
17908,frog
17913,airplane
17920,deer
17925,airplane
17932,airplane
17942,ship
17945,deer
17960,frog
17967,ship
17968,ship
17972,ship
17973,ship
17974,deer
17978,ship
18007,ship
18010,frog
18016,airplane
18017,ship
18025,ship
18027,ship
18028,deer
18046,frog
18047,deer
18050,airplane
18054,deer
18055,ship
18060,deer
18064,ship
18075,ship
18077,airplane
18078,frog
18086,airplane
18096,frog
18103,deer
18126,deer
18155,airplane
18162,ship
18164,airplane
18172,airplane
18173,airplane
18178,ship
18187,frog
18200,ship
18202,ship
18207,airplane
18213,airplane
18224,airplane
18231,deer
18232,frog
18258,frog
18262,ship
18270,ship
18272,airplane
18279,airplane
18285,deer
18293,deer
18295,ship
18302,ship
18311,frog
18316,ship
18325,deer
18341,ship
18355,ship
18357,frog
18360,deer
18362,deer
18379,deer
18393,airplane
18397,frog
18404,frog
18407,ship
18412,ship
18421,ship
18426,airplane
18435,frog
18437,deer
18449,ship
18451,frog
18454,airplane
18457,ship
18461,frog
18462,ship
18469,ship
18471,deer
18472,airplane
18474,ship
18486,frog
18496,deer
18505,deer
18506,deer
18512,ship
18523,airplane
18526,frog
18528,frog
18536,frog
18546,airplane
18547,airplane
18555,frog
18556,airplane
18569,frog
18575,airplane
18577,frog
18589,deer
18590,ship
18621,deer
18622,frog
18647,frog
18649,airplane
18657,ship
18674,deer
18682,airplane
18687,deer
18705,airplane
18708,airplane
18709,ship
18715,ship
18726,deer
18734,airplane
18736,deer
18743,frog
18751,airplane
18757,frog
18767,frog
18771,airplane
18772,ship
18780,airplane
18787,ship
18793,frog
18812,airplane
18842,frog
18848,ship
18855,frog
18856,deer
18862,ship
18863,frog
18869,deer
18871,ship
18885,deer
18886,deer
18894,ship
18905,ship
18909,airplane
18912,deer
18913,deer
18924,airplane
18929,deer
18930,deer
18931,frog
18933,ship
18939,ship
18949,ship
18975,deer
18978,airplane
18988,frog
18990,airplane
18993,frog
19001,frog
19024,frog
19026,deer
19040,deer
19050,deer
19051,frog
19054,ship
19061,ship
19070,ship
19076,airplane
19081,frog
19082,ship
19092,deer
19098,frog
19099,airplane
19105,frog
19124,ship
19127,deer
19128,ship
19130,frog
19131,ship
19145,deer
19150,airplane
19156,ship
19158,frog
19171,deer
19179,deer
19191,ship
19198,deer
19205,frog
19217,deer
19220,deer
19224,airplane
19227,frog
19231,frog
19235,frog
19240,airplane
19242,ship
19253,ship
19264,frog
19283,frog
19297,ship
19299,deer
19315,airplane
19320,airplane
19327,ship
19334,deer
19341,airplane
19342,frog
19348,frog
19363,frog
19367,ship
19378,airplane
19384,deer
19389,ship
19391,deer
19401,frog
19403,airplane
19407,deer
19415,deer
19416,deer
19419,frog
19423,frog
19429,frog
19432,deer
19440,airplane
19444,deer
19452,deer
19461,ship
19462,deer
19479,frog
19482,ship
19485,ship
19488,ship
19494,frog
19499,airplane
19524,airplane
19529,deer
19531,frog
19538,deer
19543,airplane
19544,airplane
19546,airplane
19548,frog
19573,frog
19574,deer
19577,frog
19580,ship
19588,frog
19593,frog
19603,ship
19611,frog
19613,airplane
19618,airplane
19632,deer
19636,frog
19642,deer
19648,frog
19662,ship
19681,airplane
19698,deer
19701,deer
19702,airplane
19703,deer
19725,frog
19727,frog
19729,frog
19734,frog
19743,deer
19754,frog
19759,airplane
19777,ship
19784,ship
19785,frog
19787,deer
19788,airplane
19790,frog
19793,frog
19814,airplane
19821,deer
19822,ship
19834,ship
19840,ship
19842,ship
19846,frog
19855,deer
19869,deer
19880,airplane
19895,airplane
19896,deer
19905,ship
19911,frog
19914,airplane
19916,ship
19936,frog
19937,ship
19939,frog
19943,ship
19963,deer
19967,ship
19971,ship
19983,frog
19988,frog
19990,ship
19995,deer
19996,ship
19998,airplane
