id,label
2,deer
14,airplane
15,airplane
19,ship
25,ship
26,airplane
28,deer
37,frog
47,frog
56,ship
69,frog
71,airplane
75,ship
81,airplane
84,ship
87,ship
96,deer
97,airplane
99,deer
101,airplane
110,frog
111,deer
112,airplane
113,ship
125,deer
126,deer
129,airplane
134,frog
139,airplane
140,deer
142,airplane
147,deer
148,airplane
150,deer
153,airplane
160,airplane
162,deer
166,deer
173,airplane
174,deer
177,airplane
178,airplane
181,deer
182,ship
186,airplane
195,frog
204,ship
205,ship
206,ship
214,frog
216,deer
218,deer
225,deer
229,frog
238,frog
239,ship
240,ship
244,ship
247,airplane
258,ship
263,airplane
265,deer
275,deer
279,deer
281,frog
282,airplane
285,airplane
287,airplane
294,deer
301,frog
306,airplane
312,airplane
315,airplane
324,frog
326,airplane
329,ship
336,frog
341,frog
344,deer
346,deer
350,frog
361,ship
365,ship
372,airplane
385,airplane
392,ship
396,airplane
402,deer
403,deer
413,airplane
416,frog
429,frog
430,frog
431,frog
443,frog
449,airplane
454,airplane
461,frog
471,frog
472,ship
475,deer
477,airplane
484,deer
490,airplane
496,frog
497,ship
498,ship
505,ship
507,frog
519,deer
520,airplane
524,ship
527,airplane
530,ship
532,airplane
536,deer
541,airplane
546,airplane
547,deer
549,ship
555,deer
557,deer
563,frog
577,ship
582,ship
583,airplane
587,deer
588,deer
589,ship
594,ship
597,airplane
599,frog
610,ship
623,airplane
634,frog
642,ship
646,deer
647,deer
659,airplane
661,deer
664,deer
665,deer
670,deer
672,frog
674,deer
676,frog
681,deer
682,deer
684,deer
688,deer
690,ship
703,ship
704,airplane
706,deer
707,airplane
711,airplane
718,frog
721,frog
726,airplane
733,frog
742,ship
746,frog
751,deer
759,frog
766,ship
774,frog
776,airplane
783,deer
786,airplane
790,deer
791,ship
795,deer
807,frog
810,airplane
818,airplane
828,airplane
829,airplane
831,airplane
834,airplane
835,airplane
844,deer
845,airplane
847,airplane
858,deer
875,frog
879,airplane
880,frog
901,ship
904,frog
905,ship
906,ship
910,deer
917,ship
934,frog
944,ship
951,airplane
956,airplane
960,airplane
969,frog
972,airplane
977,deer
982,airplane
985,ship
989,airplane
1013,deer
1016,deer
1018,airplane
1020,frog
1026,frog
1028,deer
1030,deer
1035,ship
1037,ship
1041,airplane
1046,frog
1047,ship
1049,deer
1051,ship
1053,airplane
1054,ship
1058,frog
1075,deer
1078,frog
1083,airplane
1095,frog
1100,airplane
1104,deer
1105,deer
1109,frog
1110,airplane
1116,ship
1118,ship
1126,frog
1135,ship
1157,airplane
1163,airplane
1166,frog
1170,ship
1173,airplane
1198,frog
1201,ship
1203,airplane
1205,airplane
1208,ship
1219,deer
1220,frog
1224,deer
1231,deer
1236,airplane
1239,frog
1241,ship
1248,airplane
1251,ship
1257,frog
1271,frog
1274,airplane
1275,ship
1277,ship
1282,deer
1290,ship
1293,ship
1295,frog
1302,deer
1304,airplane
1307,airplane
1315,airplane
1324,ship
1328,frog
1330,frog
1351,deer
1353,ship
1356,ship
1358,airplane
1360,airplane
1380,deer
1383,deer
1385,deer
1386,deer
1390,ship
1391,deer
1399,frog
1400,frog
1403,airplane
1405,airplane
1407,ship
1408,frog
1412,airplane
1418,ship
1422,ship
1428,ship
1429,deer
1435,ship
1456,airplane
1463,frog
1466,frog
1471,deer
1474,frog
1480,deer
1486,airplane
1492,ship
1495,ship
1501,deer
1502,deer
1504,deer
1506,deer
1510,frog
1511,frog
1515,deer
1518,airplane
1526,deer
1528,frog
1538,deer
1546,frog
1548,airplane
1549,deer
1552,deer
1553,frog
1556,ship
1588,airplane
1592,airplane
1597,ship
1608,deer
1611,frog
1615,deer
1620,airplane
1630,airplane
1632,deer
1642,frog
1652,ship
1667,ship
1668,frog
1689,deer
1690,ship
1704,frog
1713,frog
1716,deer
1718,deer
1732,ship
1739,deer
1742,frog
1743,airplane
1757,ship
1758,frog
1763,ship
1787,frog
1788,deer
1793,airplane
1806,frog
1807,frog
1808,deer
1809,deer
1816,airplane
1822,airplane
1827,frog
1830,ship
1838,airplane
1855,airplane
1856,deer
1858,ship
1860,airplane
1862,frog
1864,airplane
1865,airplane
1867,airplane
1878,frog
1879,airplane
1884,airplane
1888,frog
1890,deer
1892,airplane
1898,airplane
1914,frog
1916,frog
1922,deer
1923,deer
1924,ship
1928,ship
1929,airplane
1939,ship
1950,airplane
1961,ship
1966,frog
1987,ship
1989,deer
1993,ship
1996,deer
1997,airplane
2000,ship
2002,ship
2007,frog
2011,ship
2013,ship
2016,deer
2021,ship
2023,airplane
2027,airplane
2029,airplane
2033,airplane
2038,frog
2044,deer
2049,ship
2050,deer
2055,frog
2061,ship
2065,airplane
2066,airplane
2067,airplane
2071,frog
2072,airplane
2080,deer
2083,deer
2087,deer
2095,frog
2099,ship
2100,ship
2102,airplane
2117,ship
2121,airplane
2126,frog
2129,deer
2150,ship
2169,ship
2175,deer
2185,airplane
2187,frog
2193,deer
2194,ship
2204,deer
2214,frog
2215,airplane
2223,frog
2224,frog
2225,airplane
2245,ship
2251,airplane
2255,deer
2256,ship
2260,deer
2262,deer
2267,deer
2291,frog
2329,frog
2330,frog
2343,frog
2345,frog
2353,airplane
2354,deer
2362,deer
2366,airplane
2374,deer
2380,airplane
2387,deer
2388,airplane
2394,frog
2397,frog
2399,airplane
2400,ship
2407,deer
2412,deer
2415,deer
2420,deer
2422,ship
2424,ship
2435,deer
2444,deer
2450,airplane
2453,ship
2455,airplane
2456,deer
2460,ship
2466,airplane
2468,deer
2471,frog
2478,ship
2479,deer
2481,airplane
2487,airplane
2489,frog
2491,airplane
2500,frog
2504,frog
2508,ship
2520,deer
2524,deer
2528,deer
2537,deer
2543,airplane
2544,frog
2551,frog
2555,deer
2557,frog
2576,deer
2577,airplane
2585,deer
2588,deer
2591,ship
2594,deer
2598,airplane
2604,deer
2606,frog
2608,frog
2620,ship
2621,deer
2630,deer
2635,frog
2636,deer
2638,ship
2639,frog
2650,ship
2651,airplane
2653,deer
2669,deer
2679,deer
2685,airplane
2704,airplane
2710,deer
2712,frog
2722,ship
2727,frog
2730,airplane
2734,ship
2735,ship
2741,airplane
2749,frog
2756,ship
2758,frog
2761,ship
2770,frog
2774,ship
2782,deer
2786,frog
2788,frog
2798,ship
2799,frog
2806,deer
2807,ship
2820,frog
2825,deer
2835,frog
2838,ship
2839,ship
2841,deer
2855,airplane
2857,ship
2858,deer
2863,frog
2874,deer
2885,airplane
2889,frog
2891,airplane
2894,deer
2899,deer
2902,deer
2903,ship
2913,ship
2916,airplane
2938,frog
2944,frog
2945,ship
2946,frog
2947,airplane
2952,airplane
2958,deer
2969,deer
2973,frog
2977,frog
2981,ship
2983,frog
2996,deer
3007,deer
3008,deer
3009,airplane
3013,airplane
3014,ship
3016,airplane
3032,airplane
3040,airplane
3045,airplane
3054,airplane
3061,ship
3062,ship
3068,airplane
3077,airplane
3078,deer
3085,airplane
3087,airplane
3089,ship
3095,deer
3099,airplane
3100,frog
3101,deer
3103,frog
3108,airplane
3111,airplane
3131,deer
3132,frog
3134,frog
3137,airplane
3144,ship
3166,airplane
3167,deer
3172,frog
3175,deer
3177,airplane
3185,frog
3188,frog
3190,ship
3191,deer
3194,ship
3198,frog
3207,airplane
3218,deer
3226,frog
3227,frog
3228,airplane
3230,airplane
3231,ship
3234,airplane
3235,frog
3252,frog
3258,ship
3267,ship
3278,frog
3281,ship
3284,airplane
3287,frog
3292,airplane
3293,frog
3294,ship
3301,ship
3306,deer
3309,airplane
3311,airplane
3314,ship
3315,frog
3317,deer
3318,ship
3323,airplane
3328,airplane
3335,ship
3339,ship
3341,ship
3347,frog
3354,ship
3355,airplane
3357,deer
3359,ship
3360,ship
3362,ship
3372,ship
3376,deer
3384,deer
3403,deer
3415,frog
3419,frog
3427,ship
3429,frog
3435,deer
3439,ship
3447,deer
3451,frog
3458,ship
3459,frog
3465,ship
3467,airplane
3469,frog
3476,airplane
3487,frog
3494,deer
3495,deer
3501,frog
3510,airplane
3515,deer
3516,ship
3520,ship
3525,deer
3527,frog
3530,ship
3531,frog
3539,frog
3541,airplane
3542,airplane
3547,deer
3553,deer
3554,airplane
3565,airplane
3576,frog
3577,airplane
3579,airplane
3583,ship
3587,ship
3597,airplane
3601,airplane
3610,deer
3612,ship
3623,frog
3627,frog
3629,airplane
3632,deer
3648,deer
3659,ship
3662,frog
3674,airplane
3682,ship
3690,ship
3691,frog
3692,ship
3700,frog
3710,ship
3711,deer
3725,frog
3727,frog
3729,deer
3731,frog
3732,frog
3733,ship
3751,ship
3753,deer
3756,ship
3768,airplane
3770,ship
3775,frog
3781,deer
3785,ship
3788,frog
3798,airplane
3802,airplane
3805,deer
3809,frog
3811,airplane
3817,frog
3820,frog
3825,deer
3844,deer
3846,deer
3851,airplane
3854,deer
3865,airplane
3870,deer
3872,frog
3873,ship
3879,ship
3881,deer
3888,deer
3889,airplane
3897,deer
3898,frog
3900,deer
3902,ship
3905,ship
3913,airplane
3919,deer
3920,frog
3923,deer
3924,ship
3925,airplane
3932,ship
3934,ship
3942,frog
3947,frog
3952,airplane
3959,frog
3961,airplane
3963,deer
3966,deer
3968,deer
3974,deer
3979,airplane
3981,airplane
3985,airplane
4006,frog
4014,airplane
4024,deer
4031,frog
4037,deer
4040,deer
4046,deer
4051,frog
4052,ship
4065,frog
4066,airplane
4075,deer
4079,frog
4087,deer
4093,airplane
4094,deer
4097,ship
4098,deer
4100,ship
4103,ship
4107,frog
4109,ship
4116,frog
4117,airplane
4119,frog
4120,ship
4124,deer
4126,deer
4128,airplane
4131,ship
4133,deer
4135,deer
4139,deer
4141,ship
4142,ship
4144,deer
4146,deer
4148,ship
4149,frog
4150,deer
4156,airplane
4168,ship
4174,airplane
4180,frog
4181,deer
4182,deer
4192,ship
4199,deer
4200,deer
4211,airplane
4213,deer
4214,ship
4217,airplane
4236,ship
4245,airplane
4247,deer
4250,deer
4252,deer
4257,ship
4267,airplane
4270,deer
4273,deer
4286,ship
4289,ship
4291,deer
4292,ship
4297,frog
4302,frog
4305,airplane
4306,airplane
4312,deer
4315,airplane
4348,airplane
4352,frog
4357,airplane
4358,ship
4366,frog
4368,deer
4370,airplane
4376,deer
4378,airplane
4384,airplane
4385,ship
4387,deer
4390,frog
4391,ship
4398,airplane
4402,airplane
4403,airplane
4405,deer
4412,ship
4420,airplane
4431,deer
4440,ship
4446,deer
4457,frog
4458,deer
4466,ship
4481,airplane
4482,ship
4485,ship
4489,ship
4494,airplane
4495,airplane
4497,airplane
4498,airplane
4503,ship
4509,airplane
4512,ship
4513,deer
4515,ship
4518,deer
4521,airplane
4525,ship
4527,frog
4530,airplane
4534,frog
4547,frog
4549,ship
4555,airplane
4560,frog
4569,deer
4574,frog
4577,airplane
4584,ship
4590,ship
4598,frog
4599,airplane
4602,airplane
4612,airplane
4620,ship
4622,ship
4632,airplane
4636,deer
4642,deer
4657,frog
4661,airplane
4667,airplane
4669,deer
4673,ship
4680,airplane
4688,frog
4697,ship
4701,deer
4702,ship
4706,frog
4714,frog
4719,airplane
4729,frog
4736,ship
4737,ship
4742,ship
4743,frog
4745,airplane
4747,airplane
4759,frog
4762,airplane
4764,frog
4777,frog
4779,frog
4781,deer
4784,airplane
4785,deer
4787,deer
4797,airplane
4805,deer
4812,frog
4818,deer
4819,airplane
4822,frog
4832,airplane
4834,deer
4837,airplane
4841,deer
4843,ship
4844,deer
4852,frog
4869,frog
4871,airplane
4876,ship
4882,airplane
4887,frog
4892,deer
4896,airplane
4914,deer
4919,airplane
4925,airplane
4927,airplane
4931,deer
4944,ship
4945,ship
4948,deer
4953,ship
4957,ship
4962,deer
4965,frog
4969,frog
4979,ship
4997,frog
5002,frog
5005,deer
5009,frog
5012,airplane
5015,deer
5026,frog
5027,airplane
5036,ship
5044,airplane
5046,airplane
5048,deer
5050,airplane
5055,airplane
5058,airplane
5067,deer
5068,ship
5071,airplane
5087,deer
5088,airplane
5092,deer
5107,frog
5115,frog
5116,deer
5122,deer
5123,frog
5124,ship
5129,ship
5132,frog
5140,deer
5157,frog
5166,ship
5168,frog
5190,frog
5195,deer
5200,airplane
5201,airplane
5212,ship
5213,airplane
5216,frog
5218,airplane
5219,ship
5221,deer
5229,ship
5236,deer
5240,frog
5245,airplane
5247,deer
5253,frog
5262,deer
5263,airplane
5267,deer
5281,deer
5282,deer
5283,deer
5286,frog
5289,deer
5304,ship
5305,frog
5307,airplane
5308,airplane
5314,airplane
5321,ship
5324,ship
5334,ship
5348,frog
5349,deer
5351,frog
5352,deer
5355,airplane
5358,airplane
5360,deer
5361,ship
5363,ship
5365,ship
5383,airplane
5386,ship
5389,airplane
5390,frog
5407,deer
5414,airplane
5417,ship
5425,ship
5427,deer
5428,deer
5436,frog
5438,frog
5443,deer
5444,airplane
5445,deer
5446,deer
5447,airplane
5449,frog
5451,ship
5453,frog
5461,ship
5467,frog
5471,deer
5475,airplane
5478,frog
5485,frog
5486,ship
5490,ship
5497,frog
5504,ship
5518,airplane
5522,airplane
5526,airplane
5531,ship
5535,ship
5536,ship
5540,deer
5546,frog
5553,frog
5555,ship
5560,airplane
5562,frog
5565,deer
5571,frog
5578,airplane
5582,frog
5587,airplane
5592,deer
5598,deer
5604,ship
5607,deer
5611,deer
5621,frog
5629,ship
5651,airplane
5662,frog
5663,ship
5665,deer
5669,ship
5673,airplane
5674,frog
5676,frog
5682,deer
5684,frog
5690,ship
5691,airplane
5693,deer
5699,airplane
5701,frog
5705,deer
5711,airplane
5712,airplane
5719,airplane
5725,deer
5726,deer
5727,airplane
5730,frog
5734,ship
5736,deer
5745,ship
5746,ship
5749,frog
5764,deer
5781,deer
5784,airplane
5790,deer
5796,airplane
5809,deer
5810,deer
5825,airplane
5828,deer
5830,frog
5834,deer
5836,ship
5846,deer
5851,airplane
5857,deer
5859,ship
5862,frog
5863,airplane
5867,airplane
5873,deer
5876,frog
5878,airplane
5880,ship
5881,frog
5882,deer
5884,deer
5890,ship
5894,airplane
5900,ship
5902,frog
5906,deer
5926,deer
5933,frog
5934,frog
5938,ship
5939,frog
5945,ship
5948,ship
5954,ship
5956,ship
5963,airplane
5969,deer
5970,airplane
5979,ship
5982,deer
5988,ship
5989,deer
5992,ship
5993,ship
5996,frog
5998,airplane
6000,deer
6006,ship
6007,airplane
6013,airplane
6015,deer
6017,frog
6018,deer
6026,deer
6028,deer
6038,ship
6039,deer
6042,deer
6043,airplane
6053,ship
6056,ship
6066,frog
6069,ship
6070,airplane
6071,deer
6073,deer
6079,deer
6086,frog
6087,frog
6096,frog
6102,frog
6106,airplane
6107,airplane
6109,frog
6113,deer
6116,ship
6122,ship
6130,deer
6137,frog
6143,frog
6144,airplane
6148,ship
6149,deer
6150,deer
6154,frog
6162,ship
6165,airplane
6167,deer
6171,airplane
6172,deer
6178,frog
6179,ship
6184,deer
6187,airplane
6196,deer
6197,frog
6208,airplane
6213,airplane
6215,frog
6225,ship
6229,ship
6233,ship
6240,airplane
6246,airplane
6256,ship
6272,deer
6280,frog
6281,frog
6283,deer
6290,airplane
6293,airplane
6302,airplane
6313,airplane
6314,airplane
6316,deer
6323,frog
6324,ship
6327,deer
6330,frog
6341,deer
6343,ship
6346,ship
6353,deer
6354,airplane
6355,deer
6359,ship
6363,ship
6366,airplane
6370,ship
6374,ship
6377,airplane
6379,frog
6382,ship
6385,deer
6386,ship
6389,ship
6394,frog
6400,frog
6401,ship
6402,airplane
6414,frog
6430,deer
6436,airplane
6437,ship
6446,deer
6452,frog
6475,ship
6487,ship
6508,frog
6510,deer
6520,airplane
6521,ship
6523,deer
6529,ship
6531,airplane
6543,airplane
6544,deer
6545,frog
6554,deer
6560,deer
6562,frog
6575,frog
6577,deer
6586,ship
6590,ship
6593,frog
6595,frog
6607,frog
6616,ship
6620,frog
6621,ship
6631,deer
6635,frog
6645,ship
6650,deer
6655,frog
6658,frog
6663,frog
6665,airplane
6668,deer
6671,ship
6672,airplane
6673,deer
6677,ship
6679,airplane
6688,airplane
6699,airplane
6700,ship
6701,frog
6703,frog
6707,deer
6713,airplane
6714,airplane
6716,airplane
6731,deer
6734,airplane
6736,airplane
6739,ship
6741,ship
6748,airplane
6750,ship
6751,ship
6765,airplane
6775,airplane
6777,deer
6783,airplane
6798,ship
6803,frog
6814,airplane
6815,deer
6819,deer
6820,deer
6828,deer
6835,ship
6842,frog
6850,frog
6851,ship
6852,ship
6865,ship
6867,airplane
6877,ship
6892,airplane
6906,ship
6907,deer
6909,ship
6914,frog
6916,deer
6919,deer
6923,airplane
6929,ship
6931,frog
6941,deer
6947,deer
6948,ship
6958,frog
6959,airplane
6977,frog
6978,deer
6979,frog
6984,frog
6990,frog
6991,ship
6994,ship
6997,ship
7004,frog
7006,airplane
7012,airplane
7019,airplane
7021,ship
7022,deer
7025,ship
7028,ship
7034,airplane
7035,ship
7038,deer
7066,frog
7068,ship
7069,ship
7071,deer
7079,frog
7084,deer
7085,frog
7086,frog
7092,frog
7099,ship
7104,ship
7111,deer
7115,frog
7116,deer
7122,frog
7127,deer
7136,frog
7140,frog
7145,ship
7146,ship
7151,frog
7153,ship
7160,deer
7161,frog
7165,frog
7174,deer
7176,frog
7178,deer
7181,ship
7188,deer
7189,ship
7191,frog
7195,airplane
7200,deer
7207,frog
7210,ship
7211,ship
7215,ship
7225,deer
7232,deer
7233,airplane
7242,frog
7254,deer
7259,ship
7261,deer
7266,airplane
7275,frog
7278,airplane
7280,frog
7282,frog
7288,airplane
7296,ship
7297,ship
7310,ship
7318,frog
7324,airplane
7328,airplane
7331,deer
7335,airplane
7336,frog
7342,ship
7348,frog
7350,frog
7353,frog
7363,deer
7373,ship
7380,airplane
7390,frog
7392,frog
7399,airplane
7405,airplane
7408,deer
7412,ship
7429,deer
7435,airplane
7441,deer
7449,deer
7451,frog
7453,ship
7456,deer
7468,airplane
7471,deer
7475,deer
7476,deer
7489,frog
7490,airplane
7491,deer
7494,airplane
7495,deer
7500,airplane
7502,ship
7503,ship
7504,frog
7506,deer
7509,deer
7511,airplane
7512,ship
7514,deer
7521,deer
7533,deer
7538,deer
7542,airplane
7547,ship
7548,frog
7554,deer
7555,airplane
7571,ship
7578,deer
7584,frog
7587,deer
7599,ship
7600,airplane
7601,ship
7608,airplane
7609,frog
7611,frog
7619,frog
7626,frog
7630,deer
7636,airplane
7637,frog
7639,frog
7641,airplane
7644,ship
7645,frog
7648,deer
7649,frog
7658,airplane
7659,frog
7661,deer
7678,frog
7679,frog
7685,deer
7686,airplane
7694,frog
7697,airplane
7721,frog
7734,ship
7735,ship
7737,ship
7740,frog
7742,airplane
7744,deer
7746,airplane
7751,deer
7755,frog
7776,airplane
7780,airplane
7782,ship
7783,frog
7784,airplane
7786,frog
7802,ship
7805,frog
7807,airplane
7809,deer
7810,ship
7812,airplane
7819,deer
7821,airplane
7826,frog
7832,airplane
7846,airplane
7854,ship
7856,frog
7858,deer
7860,deer
7861,ship
7864,deer
7865,airplane
7869,ship
7872,deer
7875,deer
7876,frog
7877,airplane
7879,ship
7888,frog
7916,deer
7917,ship
7918,airplane
7921,ship
7930,ship
7933,deer
7937,frog
7938,deer
7941,airplane
7943,ship
7946,airplane
7956,airplane
7958,deer
7959,airplane
7967,airplane
7969,ship
7970,deer
7976,airplane
7978,airplane
7979,ship
7986,frog
7988,ship
8000,frog
8009,airplane
8013,deer
8014,deer
8016,frog
8017,frog
8019,airplane
8029,ship
8032,frog
8033,airplane
8036,frog
8039,ship
8047,ship
8059,frog
8069,deer
8073,ship
8075,deer
8078,frog
8094,ship
8095,frog
8097,deer
8100,deer
8104,airplane
8108,deer
8116,deer
8118,ship
8122,airplane
8125,airplane
8126,deer
8133,ship
8135,frog
8136,ship
8137,ship
8139,airplane
8140,ship
8142,ship
8145,deer
8146,ship
8148,frog
8159,deer
8163,deer
8179,airplane
8183,airplane
8185,frog
8189,deer
8191,airplane
8194,airplane
8196,ship
8204,ship
8208,frog
8211,ship
8213,airplane
8215,airplane
8219,frog
8224,airplane
8226,airplane
8229,deer
8234,airplane
8241,deer
8253,ship
8267,ship
8270,airplane
8282,deer
8286,airplane
8287,deer
8295,ship
8303,ship
8304,airplane
8306,frog
8309,frog
8310,deer
8312,ship
8320,frog
8324,airplane
8325,frog
8327,airplane
8333,airplane
8338,ship
8342,ship
8352,ship
8356,airplane
8359,deer
8360,frog
8368,frog
8369,airplane
8376,ship
8377,airplane
8381,airplane
8383,ship
8384,deer
8397,airplane
8401,deer
8403,ship
8404,frog
8406,frog
8407,frog
8409,ship
8412,ship
8417,airplane
8418,ship
8427,frog
8430,ship
8473,ship
8475,frog
8476,deer
8484,frog
8505,airplane
8509,ship
8515,airplane
8520,ship
8521,deer
8527,ship
8531,frog
8532,frog
8533,deer
8545,airplane
8549,frog
8555,ship
8564,deer
8565,ship
8567,ship
8573,ship
8580,airplane
8582,deer
8583,airplane
8586,ship
8591,deer
8594,ship
8597,airplane
8599,frog
8603,frog
8605,ship
8609,ship
8610,deer
8618,ship
8624,deer
8628,ship
8634,airplane
8636,ship
8637,frog
8648,airplane
8653,ship
8655,deer
8658,ship
8667,frog
8679,ship
8685,ship
8696,deer
8702,frog
8705,airplane
8709,ship
8711,deer
8720,ship
8722,frog
8724,deer
8731,ship
8732,deer
8741,airplane
8745,ship
8747,frog
8752,airplane
8756,ship
8777,airplane
8783,ship
8784,airplane
8793,frog
8799,deer
8807,airplane
8808,deer
8810,ship
8814,deer
8816,ship
8817,airplane
8820,ship
8824,ship
8825,frog
8835,frog
8841,ship
8848,frog
8850,ship
8852,frog
8856,deer
8871,airplane
8874,frog
8876,airplane
8882,frog
8885,deer
8886,frog
8889,airplane
8892,airplane
8904,deer
8911,ship
8914,ship
8916,deer
8925,deer
8929,deer
8934,frog
8935,frog
8939,deer
8946,airplane
8949,frog
8950,ship
8956,deer
8969,airplane
8970,airplane
8981,deer
8982,frog
8983,frog
8985,frog
8989,frog
8992,frog
8994,deer
9006,ship
9008,frog
9010,ship
9019,frog
9021,deer
9024,airplane
9028,deer
9036,ship
9037,deer
9039,ship
9054,ship
9059,ship
9063,frog
9078,deer
9079,airplane
9081,frog
9084,deer
9086,airplane
9092,deer
9093,ship
9099,ship
9101,ship
9107,ship
9116,deer
9119,frog
9123,ship
9141,ship
9147,ship
9150,deer
9151,ship
9152,frog
9153,frog
9155,ship
9160,airplane
9168,ship
9170,frog
9171,deer
9176,ship
9187,frog
9188,deer
9191,deer
9199,airplane
9202,ship
9206,deer
9209,airplane
9213,frog
9217,deer
9250,ship
9252,frog
9255,airplane
9256,deer
9263,airplane
9266,ship
9269,frog
9274,frog
9275,airplane
9276,frog
9278,airplane
9282,airplane
9283,ship
9286,frog
9287,deer
9297,airplane
9298,airplane
9301,airplane
9316,ship
9318,deer
9319,ship
9320,ship
9326,frog
9327,deer
9331,deer
9353,ship
9356,deer
9366,deer
9371,deer
9383,deer
9396,deer
9399,ship
9400,ship
9403,deer
9406,ship
9410,airplane
9416,deer
9418,deer
9422,airplane
9431,deer
9432,ship
9434,frog
9436,frog
9437,airplane
9442,ship
9458,ship
9466,frog
9468,frog
9470,deer
9480,frog
9491,deer
9495,airplane
9496,ship
9499,airplane
9501,frog
9503,frog
9505,frog
9511,frog
9514,ship
9515,ship
9520,frog
9526,deer
9527,frog
9531,airplane
9537,ship
9541,airplane
9547,deer
9553,airplane
9554,ship
9556,airplane
9558,deer
9565,deer
9567,deer
9571,ship
9573,ship
9582,ship
9584,deer
9590,deer
9591,frog
9595,ship
9596,airplane
9601,frog
9605,airplane
9608,frog
9620,deer
9622,ship
9626,airplane
9628,airplane
9630,deer
9635,airplane
9649,airplane
9654,airplane
9656,ship
9659,ship
9666,airplane
9677,ship
9685,airplane
9701,ship
9706,frog
9709,deer
9713,frog
9719,frog
9724,airplane
9727,frog
9733,ship
9745,frog
9751,frog
9756,ship
9759,airplane
9760,frog
9763,frog
9765,airplane
9771,ship
9772,deer
9778,deer
9782,frog
9784,airplane
9786,ship
9791,deer
9807,deer
9809,frog
9810,airplane
9814,deer
9823,airplane
9844,ship
9850,airplane
9852,airplane
9854,ship
9856,ship
9858,airplane
9860,airplane
9865,frog
9866,ship
9875,frog
9876,frog
9877,deer
9889,airplane
9893,deer
9897,ship
9905,airplane
9921,ship
9922,ship
9925,ship
9928,deer
9933,ship
9935,airplane
9940,deer
9943,deer
9945,frog
9948,ship
9950,airplane
9958,deer
9959,airplane
9961,frog
9964,deer
9975,frog
9983,deer
9986,frog
9987,deer
9995,frog
10007,ship
10008,frog
10011,frog
10017,frog
10018,ship
10020,ship
10023,frog
10025,deer
10026,frog
10027,ship
10030,frog
10033,deer
10034,airplane
10039,airplane
10040,ship
10050,frog
10061,airplane
10062,ship
10068,airplane
10076,ship
10079,ship
10090,frog
10093,airplane
10097,airplane
10111,ship
10112,frog
10114,deer
10117,ship
10133,deer
10136,deer
10141,deer
10143,airplane
10145,ship
10147,ship
10150,deer
10156,frog
10157,deer
10161,deer
10168,ship
10173,deer
10177,ship
10178,ship
10180,frog
10185,frog
10188,frog
10189,frog
10210,airplane
10220,deer
10232,frog
10234,airplane
10235,ship
10239,deer
10242,airplane
10248,airplane
10249,frog
10250,deer
10253,ship
10255,airplane
10261,deer
10270,airplane
10278,deer
10279,deer
10286,ship
10289,ship
10295,deer
10314,ship
10316,frog
10318,ship
10322,ship
10324,ship
10329,airplane
10332,deer
10334,deer
10337,ship
10338,deer
10350,deer
10351,deer
10353,airplane
10367,airplane
10369,airplane
10372,frog
10381,deer
10389,deer
10390,deer
10393,frog
10399,airplane
10404,frog
10407,deer
10408,airplane
10414,deer
10418,frog
10422,airplane
10432,airplane
10434,airplane
10436,airplane
10442,ship
10455,deer
10463,frog
10464,frog
10473,ship
10477,frog
10479,airplane
10482,ship
10483,frog
10487,deer
10506,frog
10507,ship
10508,frog
10511,airplane
10515,frog
10518,ship
10520,ship
10528,ship
10537,frog
10545,airplane
10555,frog
10560,frog
10566,frog
10567,airplane
10568,airplane
10570,deer
10577,frog
10579,ship
10580,ship
10584,deer
10588,airplane
10598,frog
10604,airplane
10609,ship
10623,ship
10624,ship
10628,airplane
10632,frog
10635,ship
10637,frog
10641,airplane
10642,frog
10648,airplane
10654,frog
10658,ship
10665,ship
10667,airplane
10669,ship
10671,airplane
10674,deer
10675,frog
10679,deer
10680,airplane
10686,deer
10689,airplane
10691,ship
10696,ship
10701,frog
10704,airplane
10706,airplane
10713,frog
10717,airplane
10719,frog
10721,airplane
10728,deer
10729,airplane
10731,airplane
10734,airplane
10742,deer
10743,airplane
10744,deer
10748,deer
10756,deer
10757,deer
10761,deer
10766,deer
10767,deer
10768,deer
10770,deer
10774,airplane
10776,frog
10778,airplane
10783,ship
10784,deer
10786,ship
10808,deer
10811,frog
10824,airplane
10828,deer
10840,airplane
10845,frog
10851,frog
10852,frog
10861,deer
10864,frog
10893,airplane
10894,deer
10896,frog
10902,deer
10908,airplane
10912,airplane
10915,airplane
10916,deer
10919,airplane
10925,frog
10926,frog
10931,deer
10932,frog
10943,airplane
10944,frog
10949,ship
10959,deer
10962,deer
10963,airplane
10977,frog
10986,deer
10987,deer
11025,ship
11035,deer
11036,frog
11038,frog
11040,frog
11045,frog
11046,ship
11051,ship
11053,deer
11054,frog
11083,frog
11091,ship
11093,deer
11096,ship
11097,ship
11108,frog
11109,frog
11113,ship
11118,deer
11124,ship
11128,ship
11130,ship
11133,deer
11143,ship
11144,deer
11152,airplane
11155,deer
11169,deer
11170,deer
11174,frog
11177,frog
11183,airplane
11189,airplane
11192,frog
11196,ship
11197,airplane
11205,ship
11209,deer
11216,airplane
11229,ship
11233,deer
11234,airplane
11236,ship
11246,airplane
11247,ship
11252,frog
11254,frog
11255,deer
11256,deer
11262,frog
11265,deer
11279,ship
11289,ship
11291,deer
11295,deer
11300,deer
11311,ship
11313,ship
11315,deer
11318,airplane
11320,airplane
11326,deer
11337,airplane
11339,airplane
11342,frog
11347,airplane
11349,ship
11352,frog
11356,airplane
11359,ship
11363,ship
11371,airplane
11373,airplane
11389,deer
11396,deer
11399,frog
11401,ship
11404,airplane
11410,frog
11423,ship
11435,airplane
11448,airplane
11450,deer
11452,airplane
11453,deer
11455,frog
11456,airplane
11463,frog
11466,airplane
11468,ship
11469,ship
11470,deer
11473,airplane
11474,ship
11478,frog
11480,airplane
11486,deer
11488,deer
11490,ship
11491,airplane
11498,ship
11501,airplane
11504,deer
11507,deer
11513,frog
11515,frog
11518,airplane
11521,airplane
11522,deer
11523,ship
11529,airplane
11535,deer
11536,airplane
11537,deer
11542,airplane
11553,airplane
11560,frog
11563,deer
11566,ship
11568,ship
11572,frog
11577,ship
11579,ship
11582,airplane
11584,deer
11593,deer
11600,frog
11602,deer
11604,airplane
11609,airplane
11610,deer
11616,frog
11619,airplane
11630,frog
11632,airplane
11636,deer
11637,deer
11640,deer
11644,deer
11645,deer
11646,airplane
11648,frog
11651,ship
11660,ship
11664,ship
11675,deer
11679,frog
11682,frog
11687,frog
11688,airplane
11690,airplane
11697,frog
11699,deer
11705,ship
11706,airplane
11707,airplane
11727,frog
11740,ship
11759,deer
11763,ship
11764,airplane
11778,frog
11780,ship
11781,deer
11787,airplane
11790,frog
11796,ship
11799,frog
11802,ship
11803,airplane
11815,ship
11821,airplane
11823,frog
11826,airplane
11829,airplane
11833,airplane
11845,ship
11847,deer
11856,ship
11858,frog
11861,airplane
11863,deer
11872,airplane
11884,ship
11892,deer
11893,frog
11899,ship
11902,frog
11907,deer
11914,airplane
11918,ship
11934,ship
11937,frog
11945,ship
11946,frog
11949,frog
11963,frog
11965,airplane
11966,airplane
11967,ship
11977,frog
11979,deer
11984,ship
11991,frog
12003,airplane
12006,airplane
12013,frog
12015,deer
12017,frog
12018,airplane
12022,ship
12024,frog
12028,deer
12047,frog
12048,ship
12050,frog
12059,frog
12069,airplane
12074,deer
12077,deer
12086,airplane
12094,deer
12107,ship
12110,frog
12111,ship
12117,ship
12124,ship
12134,ship
12135,deer
12137,ship
12139,deer
12146,deer
12158,frog
12161,deer
12169,ship
12170,ship
12173,airplane
12187,ship
12191,deer
12194,frog
12196,frog
12198,frog
12202,airplane
12204,frog
12205,airplane
12209,frog
12215,frog
12217,deer
12226,deer
12230,frog
12244,ship
12246,airplane
12255,deer
12256,frog
12259,frog
12262,airplane
12268,ship
12272,deer
12276,frog
12278,deer
12282,frog
12294,frog
12299,ship
12300,ship
12303,ship
12306,frog
12311,frog
12314,deer
12331,deer
12333,frog
12340,ship
12349,ship
12352,ship
12363,ship
12404,ship
12415,ship
12417,frog
12425,frog
12429,airplane
12431,ship
12435,ship
12439,ship
12443,airplane
12451,deer
12452,frog
12455,frog
12456,deer
12457,ship
12466,ship
12467,frog
12480,deer
12483,ship
12486,frog
12490,frog
12494,deer
12495,frog
12504,ship
12516,frog
12520,frog
12526,ship
12537,frog
12538,frog
12539,airplane
12545,ship
12550,airplane
12556,airplane
12559,ship
12565,ship
12567,deer
12572,ship
12579,ship
12580,frog
12583,frog
12604,frog
12605,ship
12606,frog
12613,ship
12615,ship
12620,frog
12623,ship
12629,airplane
12630,ship
12631,airplane
12637,frog
12642,ship
12645,deer
12649,ship
12654,frog
12661,ship
12662,frog
12663,deer
12676,frog
12681,ship
12682,deer
12690,ship
12692,airplane
12700,ship
12704,deer
12706,frog
12709,frog
12718,airplane
12720,frog
12721,frog
12722,deer
12733,ship
12740,deer
12744,frog
12750,deer
12752,airplane
12756,ship
12758,airplane
12766,ship
12770,deer
12771,airplane
12785,airplane
12786,ship
12789,ship
12795,airplane
12799,airplane
12805,airplane
12809,ship
12810,airplane
12827,airplane
12829,ship
12831,airplane
12842,ship
12843,deer
12846,frog
12849,frog
12859,ship
12861,airplane
12862,airplane
12875,ship
12877,frog
12880,airplane
12885,airplane
12886,deer
12891,ship
12905,frog
12907,airplane
12909,ship
12913,ship
12916,frog
12918,airplane
12921,airplane
12924,ship
12926,frog
12928,frog
12943,ship
12947,airplane
12948,airplane
12950,frog
12956,ship
12965,deer
12971,deer
12976,ship
12979,deer
12983,deer
12995,deer
12996,deer
12997,frog
13017,frog
13024,ship
13026,frog
13027,deer
13031,frog
13045,airplane
13048,airplane
13058,deer
13061,airplane
13062,airplane
13063,airplane
13068,frog
13078,ship
13084,frog
13087,ship
13090,deer
13091,ship
13093,ship
13096,ship
13103,deer
13119,deer
13121,airplane
13125,ship
13126,frog
13130,deer
13131,ship
13137,ship
13145,deer
13155,frog
13171,ship
13177,frog
13180,frog
13181,frog
13187,ship
13192,airplane
13194,frog
13196,deer
13207,ship
13208,deer
13217,airplane
13220,ship
13230,frog
13249,airplane
13253,deer
13256,ship
13282,frog
13286,deer
13294,airplane
13297,frog
13307,airplane
13311,deer
13321,airplane
13324,frog
13325,ship
13342,ship
13343,ship
13349,airplane
13351,deer
13359,frog
13360,deer
13362,frog
13366,ship
13369,airplane
13375,ship
13377,deer
13379,frog
13381,ship
13392,deer
13394,airplane
13396,ship
13397,airplane
13398,airplane
13401,deer
13403,airplane
13415,airplane
13435,deer
13445,frog
13448,airplane
13455,airplane
13461,airplane
13468,frog
13470,deer
13471,ship
13473,airplane
13475,frog
13487,airplane
13498,deer
13501,frog
13505,frog
13506,deer
13525,deer
13533,frog
13539,airplane
13540,airplane
13548,deer
13549,frog
13556,ship
13564,frog
13571,airplane
13586,airplane
13589,frog
13591,airplane
13596,frog
13599,airplane
13614,airplane
13619,airplane
13622,airplane
13628,frog
13641,deer
13654,ship
13660,deer
13665,deer
13667,airplane
13669,airplane
13670,deer
13673,ship
13674,frog
13675,ship
13678,frog
13680,frog
13684,frog
13685,deer
13689,airplane
13690,deer
13693,airplane
13701,frog
13703,deer
13705,deer
13711,airplane
13714,frog
13720,deer
13729,airplane
13730,airplane
13732,frog
13734,airplane
13751,frog
13755,deer
13757,airplane
13767,frog
13774,frog
13779,frog
13785,deer
13787,deer
13796,ship
13799,ship
13801,frog
13808,deer
13816,frog
13818,frog
13820,airplane
13822,frog
13823,deer
13832,deer
13843,frog
13844,frog
13848,frog
13864,ship
13867,airplane
13869,deer
13871,frog
13882,deer
13884,frog
13885,ship
13887,deer
13893,frog
13900,frog
13907,airplane
13921,deer
13924,airplane
13925,airplane
13931,deer
13936,frog
13944,frog
13945,deer
13955,airplane
13959,ship
13963,deer
13964,ship
13978,frog
13979,deer
13982,frog
13983,airplane
13985,airplane
13986,airplane
14002,frog
14010,deer
14014,ship
14018,deer
14035,airplane
14042,ship
14049,airplane
14052,ship
14062,ship
14063,frog
14065,ship
14069,deer
14070,ship
14071,airplane
14072,deer
14080,airplane
14084,ship
14090,frog
14091,ship
14093,deer
14097,ship
14106,ship
14109,ship
14115,airplane
14117,airplane
14132,airplane
14136,frog
14141,ship
14144,ship
14146,airplane
14150,airplane
14151,deer
14163,airplane
14176,frog
14180,deer
14183,ship
14185,frog
14187,deer
14194,frog
14199,frog
14209,ship
14220,airplane
14224,airplane
14229,ship
14231,deer
14251,airplane
14259,deer
14260,deer
14270,airplane
14271,frog
14274,ship
14284,ship
14288,airplane
14304,frog
14306,airplane
14315,deer
14319,frog
14328,deer
14332,ship
14336,frog
14344,frog
14356,airplane
14360,ship
14370,airplane
14373,frog
14376,frog
14383,frog
14387,deer
14390,deer
14391,frog
14396,ship
14399,ship
14403,ship
14405,airplane
14408,frog
14422,frog
14428,deer
14436,deer
14438,ship
14440,frog
14444,deer
14447,airplane
14450,airplane
14451,deer
14453,airplane
14455,deer
14458,frog
14459,deer
14462,deer
14471,deer
14472,ship
14473,ship
14487,airplane
14488,ship
14492,ship
14495,deer
14498,frog
14499,frog
14500,airplane
14512,frog
14517,deer
14520,airplane
14522,ship
14524,deer
14526,deer
14531,airplane
14534,airplane
14535,frog
14537,airplane
14543,frog
14549,airplane
14551,ship
14552,airplane
14556,airplane
14559,airplane
14560,frog
14566,deer
14567,ship
14571,airplane
14572,ship
14576,frog
14583,deer
14590,airplane
14594,airplane
14599,deer
14602,airplane
14605,ship
14607,frog
14610,ship
14611,deer
14612,ship
14614,airplane
14616,frog
14626,ship
14628,ship
14634,frog
14640,airplane
14644,deer
14647,airplane
14661,frog
14667,frog
14672,frog
14674,deer
14681,frog
14684,airplane
14685,frog
14698,deer
14704,ship
14705,frog
14717,ship
14722,frog
14725,airplane
14731,frog
14733,frog
14740,deer
14743,ship
14744,frog
14748,deer
14749,airplane
14757,frog
14759,airplane
14761,frog
14769,airplane
14770,ship
14777,frog
14785,ship
14809,ship
14812,airplane
14818,ship
14823,ship
14825,ship
14834,ship
14836,deer
14839,airplane
14840,airplane
14845,frog
14847,airplane
14850,frog
14855,deer
14858,frog
14869,deer
14871,airplane
14872,airplane
14874,frog
14880,frog
14901,frog
14902,airplane
14909,deer
14920,airplane
14921,ship
14922,airplane
14924,airplane
14927,deer
14935,ship
14940,frog
14945,ship
14954,deer
14962,frog
14963,deer
14964,deer
14970,frog
14982,airplane
14988,ship
14990,frog
14993,ship
14995,airplane
14997,deer
14999,ship
15000,airplane
15006,frog
15007,ship
15013,deer
15019,airplane
15028,ship
15036,airplane
15045,airplane
15052,frog
15080,frog
15081,airplane
15082,frog
15083,ship
15085,frog
15086,deer
15087,deer
15095,ship
15096,ship
15102,frog
15105,deer
15113,frog
15116,deer
15122,airplane
15146,deer
15156,deer
15160,deer
15163,frog
15166,deer
15173,ship
15179,airplane
15180,ship
15190,airplane
15191,deer
15199,frog
15215,deer
15226,frog
15228,deer
15234,ship
15235,frog
15241,airplane
15246,ship
15247,frog
15251,frog
15258,frog
15261,ship
15271,deer
15278,deer
15283,airplane
15290,ship
15292,deer
15293,deer
15294,airplane
15307,frog
15315,ship
15320,frog
15322,ship
15325,airplane
15327,airplane
15337,frog
15352,ship
15361,frog
15367,ship
15376,deer
15379,ship
15383,airplane
15385,frog
15386,deer
15401,frog
15431,deer
15433,ship
15435,frog
15439,airplane
15444,airplane
15453,frog
15457,frog
15463,airplane
15469,ship
15471,ship
15473,ship
15489,deer
15492,ship
15493,frog
15497,airplane
15498,frog
15499,airplane
15500,ship
15501,deer
15502,frog
15508,airplane
15509,frog
15514,airplane
15516,deer
15519,airplane
15521,ship
15524,ship
15525,ship
15527,ship
15530,airplane
15538,frog
15550,frog
15556,deer
15562,ship
15573,frog
15576,ship
15577,deer
15579,airplane
15583,airplane
15584,ship
15591,deer
15592,frog
15595,deer
15605,frog
15610,deer
15618,airplane
15619,frog
15623,ship
15624,deer
15630,airplane
15631,frog
15636,deer
15644,airplane
15648,ship
15660,frog
15665,frog
15666,airplane
15668,ship
15684,ship
15689,ship
15690,ship
15692,frog
15696,deer
15702,ship
15705,deer
15707,frog
15710,airplane
15711,ship
15713,ship
15722,frog
15727,airplane
15729,airplane
15736,deer
15737,frog
15739,ship
15743,frog
15745,frog
15750,ship
15752,ship
15767,frog
15777,ship
15788,deer
15791,airplane
15796,ship
15797,deer
15809,airplane
15817,deer
15818,deer
15821,airplane
15822,deer
15830,frog
15832,airplane
15838,frog
15854,ship
15858,ship
15859,ship
15867,ship
15869,deer
15882,frog
15885,deer
15886,frog
15887,ship
15888,airplane
15892,frog
15893,frog
15894,ship
15895,deer
15896,airplane
15899,deer
15906,frog
15907,ship
15909,airplane
15915,deer
15928,deer
15945,frog
15961,deer
15963,ship
15966,airplane
15969,frog
15983,deer
15997,deer
16000,frog
16001,frog
16002,ship
16003,frog
16004,airplane
16007,ship
16015,deer
16016,deer
16017,deer
16032,frog
16034,deer
16038,frog
16045,deer
16046,airplane
16050,ship
16052,airplane
16053,frog
16055,ship
16062,deer
16063,ship
16069,frog
16070,deer
16086,frog
16101,deer
16107,airplane
16124,deer
16125,frog
16129,airplane
16131,airplane
16134,frog
16142,ship
16143,ship
16159,ship
16168,airplane
16179,airplane
16192,airplane
16199,ship
16201,deer
16203,deer
16214,deer
16218,airplane
16219,deer
16223,airplane
16226,airplane
16227,frog
16229,frog
16230,ship
16231,deer
16235,deer
16243,airplane
16253,ship
16262,airplane
16277,airplane
16282,airplane
16286,frog
16287,deer
16288,frog
16298,deer
16303,frog
16305,ship
16309,airplane
16313,frog
16315,airplane
16319,airplane
16320,deer
16321,airplane
16322,airplane
16327,frog
16331,deer
16333,ship
16336,ship
16338,ship
16361,deer
16366,deer
16371,airplane
16374,frog
16377,ship
16378,frog
16380,frog
16384,airplane
16401,deer
16402,airplane
16410,ship
16429,deer
16434,deer
16439,ship
16440,deer
16441,frog
16442,ship
16444,frog
16449,frog
16453,frog
16457,deer
16473,airplane
16476,ship
16477,deer
16486,ship
16494,airplane
16503,ship
16504,deer
16510,deer
16518,deer
16520,ship
16524,ship
16529,ship
16532,frog
16534,ship
16539,frog
16549,ship
16557,frog
16558,deer
16559,frog
16564,airplane
16565,frog
16568,frog
16578,frog
16590,ship
16591,airplane
16595,frog
16600,deer
16610,airplane
16611,airplane
16613,ship
16618,deer
16621,frog
16626,ship
16628,frog
16634,frog
16635,deer
16636,frog
16641,deer
16645,deer
16653,deer
16665,deer
16667,deer
16668,ship
16670,ship
16671,ship
16672,deer
16675,deer
16690,frog
16691,frog
16697,deer
16699,frog
16706,frog
16713,airplane
16714,frog
16716,deer
16722,ship
16728,ship
16737,airplane
16745,frog
16749,airplane
16755,deer
16759,deer
16761,airplane
16771,ship
16774,deer
16781,airplane
16797,airplane
16801,deer
16809,deer
16810,ship
16819,ship
16823,ship
16826,airplane
16837,frog
16842,airplane
16843,deer
16847,deer
16850,deer
16853,airplane
16865,deer
16867,frog
16871,deer
16876,deer
16883,deer
16886,deer
16887,airplane
16890,deer
16891,ship
16892,ship
16896,frog
16898,airplane
16901,airplane
16915,deer
16925,ship
16937,ship
16938,deer
16946,airplane
16950,frog
16968,frog
16973,airplane
16974,airplane
16982,frog
16986,frog
16992,frog
16997,ship
17002,airplane
17004,frog
17006,frog
17009,frog
17010,frog
17012,ship
17014,airplane
17031,airplane
17035,frog
17037,ship
17051,airplane
17056,ship
17073,frog
17077,airplane
17083,deer
17086,deer
17087,airplane
17091,frog
17097,deer
17107,deer
17112,ship
17114,frog
17122,deer
17124,ship
17128,ship
17132,frog
17139,ship
17140,frog
17141,frog
17144,airplane
17155,airplane
17160,ship
17161,ship
17169,ship
17172,airplane
17173,frog
17182,frog
17185,frog
17187,ship
17194,frog
17196,deer
17202,ship
17205,ship
17216,ship
17219,ship
17220,deer
17226,deer
17232,deer
17236,airplane
17244,frog
17246,frog
17248,frog
17252,deer
17255,airplane
17258,ship
17261,deer
17269,airplane
17277,ship
17282,ship
17283,airplane
17305,airplane
17322,deer
17326,deer
17327,deer
17328,airplane
17329,frog
17334,airplane
17352,airplane
17362,ship
17364,ship
17367,ship
17371,airplane
17372,frog
17375,airplane
17376,frog
17383,frog
17384,deer
17391,deer
17395,ship
17397,frog
17408,frog
17411,frog
17415,ship
17417,airplane
17418,frog
17419,airplane
17422,airplane
17430,frog
17433,ship
17434,deer
17443,ship
17445,ship
17449,deer
17455,airplane
17457,deer
17477,frog
17481,deer
17482,airplane
17483,deer
17485,frog
17488,airplane
17491,frog
17498,ship
17508,frog
17510,ship
17520,airplane
17528,deer
17530,airplane
17532,deer
17538,frog
17540,ship
17548,ship
17549,deer
17556,airplane
17557,airplane
17560,frog
17563,airplane
17564,ship
17565,deer
17570,airplane
17572,deer
17574,ship
17576,airplane
17578,ship
17583,ship
17593,frog
17596,deer
17606,airplane
17609,airplane
17616,deer
17619,airplane
17635,frog
17636,frog
17639,frog
17643,frog
17646,airplane
17647,airplane
17649,frog
17651,deer
17657,ship
17658,deer
17659,frog
17673,frog
17691,airplane
17693,deer
17696,airplane
17697,airplane
17704,frog
17708,deer
17712,ship
17729,ship
17733,ship
17741,airplane
17748,deer
17749,frog
17754,frog
17766,frog
17772,deer
17780,frog
17781,airplane
17785,ship
17798,airplane
17799,deer
17806,ship
17812,deer
17817,frog
17818,deer
17819,frog
17820,deer
17823,frog
17839,frog
17844,deer
17852,frog
17860,airplane
17865,ship
17866,airplane
17867,frog
17868,deer
17876,airplane
17877,airplane
17883,frog
17884,ship
17890,deer
17895,airplane
17900,airplane
17906,deer
17913,airplane
17925,airplane
17929,frog
17931,ship
17938,deer
17946,frog
17947,airplane
17948,ship
17961,deer
17963,airplane
17966,ship
17969,frog
17982,airplane
17990,deer
17999,airplane
18002,frog
18005,deer
18006,deer
18009,frog
18010,frog
18011,deer
18012,frog
18013,deer
18020,ship
18022,airplane
18023,ship
18026,deer
18033,frog
18036,frog
18044,ship
18046,frog
18047,deer
18052,deer
18053,airplane
18059,deer
18065,deer
18073,airplane
18074,ship
18079,frog
18089,airplane
18092,deer
18093,deer
18094,deer
18102,airplane
18107,ship
18109,frog
18112,deer
18115,deer
18137,airplane
18138,airplane
18142,ship
18151,airplane
18157,frog
18159,airplane
18162,ship
18164,airplane
18166,deer
18170,ship
18171,airplane
18174,frog
18179,deer
18183,airplane
18191,ship
18194,ship
18197,frog
18216,frog
18233,ship
18239,airplane
18240,deer
18245,airplane
18247,frog
18248,ship
18272,airplane
18275,deer
18281,deer
18291,deer
18300,deer
18305,ship
18307,frog
18321,frog
18322,ship
18333,frog
18337,airplane
18345,ship
18347,frog
18353,ship
18354,airplane
18357,frog
18359,ship
18367,frog
18377,deer
18380,ship
18383,ship
18385,airplane
18393,airplane
18398,deer
18399,ship
18400,frog
18406,airplane
18410,ship
18412,ship
18413,frog
18418,ship
18429,ship
18431,deer
18433,deer
18436,airplane
18442,deer
18443,deer
18444,airplane
18451,frog
18457,ship
18458,frog
18470,frog
18471,deer
18474,ship
18480,frog
18481,deer
18483,ship
18484,frog
18488,airplane
18492,airplane
18510,frog
18515,ship
18517,deer
18518,airplane
18526,frog
18528,frog
18535,deer
18536,frog
18541,frog
18552,airplane
18563,ship
18565,ship
18570,airplane
18574,frog
18587,frog
18595,frog
18596,deer
18602,airplane
18604,ship
18605,deer
18606,frog
18607,frog
18611,deer
18614,deer
18622,frog
18623,frog
18624,ship
18625,frog
18626,ship
18630,frog
18634,airplane
18635,frog
18638,deer
18640,airplane
18641,frog
18648,deer
18651,frog
18652,airplane
18657,ship
18658,deer
18662,frog
18663,ship
18664,airplane
18672,deer
18697,ship
18707,deer
18708,airplane
18716,deer
18726,deer
18737,ship
18739,frog
18750,frog
18751,airplane
18753,airplane
18762,airplane
18768,frog
18771,airplane
18777,ship
18782,frog
18788,airplane
18793,frog
18798,airplane
18803,frog
18804,deer
18809,airplane
18814,ship
18816,deer
18819,airplane
18820,ship
18833,ship
18834,frog
18835,ship
18836,airplane
18841,ship
18843,frog
18845,ship
18847,deer
18849,frog
18852,deer
18860,frog
18862,ship
18881,airplane
18886,deer
18891,airplane
18895,airplane
18896,deer
18898,ship
18913,deer
18915,airplane
18917,airplane
18920,airplane
18927,ship
18928,ship
18929,deer
18930,deer
18938,frog
18944,airplane
18946,airplane
18948,deer
18949,ship
18956,ship
18959,deer
18960,airplane
18969,airplane
18974,deer
18988,frog
18990,airplane
19012,deer
19019,frog
19021,airplane
19029,frog
19038,airplane
19039,frog
19045,ship
19046,deer
19055,deer
19058,frog
19060,airplane
19076,airplane
19085,ship
19093,deer
19094,airplane
19097,ship
19106,airplane
19111,ship
19112,ship
19113,frog
19115,frog
19116,ship
19119,deer
19127,deer
19129,ship
19130,frog
19133,ship
19136,frog
19140,ship
19142,airplane
19149,deer
19156,ship
19164,deer
19165,ship
19176,airplane
19181,deer
19190,frog
19202,ship
19208,airplane
19210,ship
19213,airplane
19226,ship
19242,ship
19251,frog
19252,airplane
19258,ship
19265,deer
19275,ship
19293,frog
19298,frog
19302,deer
19305,ship
19306,deer
19308,frog
19311,frog
19316,ship
19324,frog
19325,airplane
19327,ship
19328,airplane
19331,ship
19338,airplane
19346,ship
19348,frog
19353,deer
19365,airplane
19372,deer
19380,airplane
19385,airplane
19388,ship
19395,ship
19408,airplane
19419,frog
19421,airplane
19427,frog
19438,airplane
19439,airplane
19443,ship
19450,ship
19453,deer
19455,ship
19467,frog
19472,airplane
19476,frog
19477,frog
19481,ship
19486,airplane
19490,ship
19495,deer
19497,ship
19503,ship
19507,frog
19511,deer
19517,airplane
19518,deer
19522,airplane
19523,frog
19524,airplane
19526,ship
19527,frog
19536,ship
19543,airplane
19544,airplane
19549,frog
19551,airplane
19552,deer
19554,deer
19557,airplane
19575,frog
19584,frog
19585,airplane
19587,airplane
19588,frog
19600,deer
19604,deer
19611,frog
19619,ship
19622,deer
19627,deer
19636,frog
19639,ship
19647,airplane
19648,frog
19652,ship
19657,deer
19658,deer
19662,ship
19665,ship
19668,airplane
19675,frog
19678,deer
19679,ship
19682,ship
19687,airplane
19700,ship
19705,frog
19711,ship
19722,airplane
19723,ship
19741,frog
19744,frog
19748,airplane
19753,airplane
19768,ship
19771,airplane
19772,ship
19783,deer
19785,frog
19789,ship
19800,ship
19803,ship
19814,airplane
19815,airplane
19817,airplane
19818,deer
19845,frog
19849,deer
19863,ship
19866,frog
19870,airplane
19872,ship
19877,frog
19879,airplane
19883,ship
19885,deer
19900,airplane
19907,frog
19910,ship
19913,deer
19917,frog
19921,ship
19922,ship
19925,frog
19929,deer
19935,ship
19937,ship
19943,ship
19953,airplane
19961,deer
19964,ship
19970,frog
19976,airplane
19979,frog
19980,frog
19982,deer
19986,ship
19988,frog
19990,ship
19992,deer
20000,frog
