id,label
6,deer
9,frog
24,deer
25,ship
26,airplane
29,ship
31,frog
49,frog
60,airplane
62,airplane
65,ship
72,ship
77,frog
78,frog
82,frog
85,frog
94,deer
101,airplane
108,airplane
129,airplane
144,ship
149,ship
164,ship
165,deer
190,deer
197,deer
208,deer
223,airplane
232,ship
237,frog
257,airplane
287,airplane
288,airplane
291,ship
298,ship
306,airplane
307,airplane
308,ship
310,ship
323,deer
326,airplane
328,ship
354,airplane
367,frog
371,ship
378,airplane
384,frog
397,deer
409,deer
418,deer
419,deer
433,ship
443,frog
457,airplane
467,airplane
474,ship
489,airplane
496,frog
502,deer
506,frog
512,deer
514,airplane
518,deer
531,deer
537,ship
546,airplane
566,deer
589,ship
601,frog
605,frog
611,airplane
622,ship
625,deer
635,deer
641,deer
642,ship
658,airplane
679,frog
688,deer
709,airplane
712,ship
716,frog
725,ship
750,airplane
766,ship
777,deer
787,ship
832,ship
834,airplane
839,ship
846,ship
859,airplane
868,frog
881,ship
908,deer
928,deer
953,ship
968,ship
980,deer
986,airplane
993,deer
996,deer
1003,ship
1006,deer
1027,frog
1049,deer
1079,deer
1087,deer
1091,ship
1095,frog
1100,airplane
1101,frog
1109,frog
1117,deer
1126,frog
1141,deer
1155,deer
1164,airplane
1175,frog
1178,frog
1196,airplane
1198,frog
1205,airplane
1213,frog
1214,airplane
1230,deer
1258,airplane
1264,ship
1273,airplane
1297,ship
1336,frog
1341,deer
1344,ship
1352,airplane
1361,ship
1365,airplane
1368,airplane
1380,deer
1383,deer
1387,frog
1417,ship
1469,airplane
1473,airplane
1474,frog
1483,ship
1487,frog
1492,ship
1536,deer
1537,deer
1544,ship
1560,frog
1567,deer
1599,deer
1607,ship
1620,airplane
1635,airplane
1645,frog
1670,airplane
1682,frog
1704,frog
1709,ship
1721,airplane
1741,frog
1743,airplane
1744,airplane
1748,deer
1756,frog
1760,deer
1762,airplane
1764,frog
1766,ship
1770,deer
1788,deer
1806,frog
1813,frog
1828,deer
1832,frog
1842,frog
1877,ship
1878,frog
1879,airplane
1885,airplane
1886,ship
1895,deer
1914,frog
1922,deer
1923,deer
1928,ship
1937,deer
1948,ship
1951,ship
1957,deer
1974,ship
1997,airplane
2001,deer
2007,frog
2028,frog
2029,airplane
2051,ship
2054,ship
2081,ship
2097,frog
2100,ship
2113,deer
2114,frog
2115,deer
2124,deer
2126,frog
2132,ship
2137,airplane
2146,deer
2155,ship
2156,deer
2164,ship
2178,frog
2202,frog
2259,deer
2260,deer
2263,frog
2292,airplane
2293,deer
2295,frog
2297,airplane
2299,airplane
2321,ship
2322,deer
2330,frog
2333,frog
2344,ship
2355,frog
2361,deer
2367,deer
2370,ship
2374,deer
2387,deer
2409,airplane
2413,frog
2422,ship
2450,airplane
2456,deer
2460,ship
2478,ship
2482,airplane
2491,airplane
2531,airplane
2539,deer
2542,ship
2550,deer
2559,frog
2567,deer
2571,deer
2594,deer
2606,frog
2612,airplane
2613,ship
2614,frog
2628,frog
2645,airplane
2661,airplane
2671,frog
2681,airplane
2682,ship
2686,frog
2691,deer
2698,deer
2710,deer
2712,frog
2722,ship
2724,ship
2739,frog
2742,ship
2747,frog
2762,ship
2763,ship
2768,ship
2776,frog
2791,deer
2796,ship
2831,airplane
2839,ship
2843,frog
2846,deer
2853,ship
2855,airplane
2877,ship
2880,ship
2888,frog
2903,ship
2905,ship
2913,ship
2920,frog
2928,airplane
2951,frog
2957,frog
2975,deer
2980,airplane
2988,frog
2991,airplane
2992,ship
2993,deer
2996,deer
3013,airplane
3031,deer
3035,airplane
3036,frog
3049,ship
3058,airplane
3090,airplane
3094,deer
3097,ship
3104,ship
3105,deer
3110,frog
3116,ship
3122,ship
3140,ship
3185,frog
3193,airplane
3194,ship
3221,frog
3223,frog
3227,frog
3233,frog
3235,frog
3259,ship
3262,ship
3269,frog
3272,airplane
3285,frog
3296,deer
3303,deer
3317,deer
3322,frog
3323,airplane
3332,frog
3335,ship
3344,ship
3362,ship
3366,frog
3380,deer
3392,airplane
3397,frog
3408,deer
3409,deer
3426,airplane
3442,ship
3445,frog
3475,frog
3489,frog
3496,frog
3499,airplane
3500,deer
3541,airplane
3565,airplane
3568,frog
3574,ship
3599,frog
3610,deer
3611,ship
3616,airplane
3624,ship
3648,deer
3650,ship
3655,ship
3660,ship
3675,deer
3686,deer
3696,ship
3697,airplane
3701,frog
3702,frog
3703,ship
3711,deer
3714,ship
3717,frog
3740,airplane
3747,airplane
3755,ship
3758,deer
3768,airplane
3780,frog
3784,deer
3786,deer
3832,frog
3834,airplane
3848,deer
3857,airplane
3870,deer
3884,ship
3905,ship
3910,frog
3917,ship
3937,airplane
3950,deer
3955,frog
3957,airplane
3971,frog
3977,airplane
3983,deer
3984,ship
3988,ship
3992,frog
4038,frog
4052,ship
4059,frog
4067,frog
4068,airplane
4071,deer
4074,airplane
4075,deer
4081,deer
4084,airplane
4092,deer
4106,ship
4111,ship
4119,frog
4124,deer
4126,deer
4127,ship
4134,airplane
4136,airplane
4146,deer
4153,frog
4170,ship
4180,frog
4185,airplane
4186,ship
4189,airplane
4203,deer
4214,ship
4245,airplane
4266,frog
4269,ship
4288,airplane
4297,frog
4305,airplane
4310,airplane
4318,ship
4322,ship
4326,ship
4335,deer
4358,ship
4362,deer
4367,deer
4372,frog
4379,frog
4384,airplane
4387,deer
4391,ship
4392,airplane
4413,frog
4414,deer
4415,ship
4424,airplane
4451,ship
4455,frog
4487,frog
4489,ship
4497,airplane
4543,frog
4545,ship
4547,frog
4566,ship
4567,ship
4579,deer
4590,ship
4604,airplane
4612,airplane
4621,frog
4627,frog
4643,deer
4657,frog
4660,frog
4663,ship
4671,ship
4674,deer
4686,ship
4689,frog
4695,airplane
4706,frog
4707,deer
4713,frog
4723,frog
4762,airplane
4790,frog
4795,frog
4814,airplane
4816,airplane
4826,airplane
4845,deer
4850,ship
4854,ship
4865,deer
4873,frog
4879,deer
4882,airplane
4883,frog
4887,frog
4891,frog
4900,airplane
4904,deer
4913,deer
4949,airplane
5001,deer
5008,ship
5026,frog
5027,airplane
5034,frog
5048,deer
5051,airplane
5055,airplane
5097,frog
5156,deer
5165,airplane
5166,ship
5176,airplane
5196,frog
5198,ship
5201,airplane
5205,airplane
5208,frog
5209,deer
5212,ship
5214,deer
5222,deer
5244,airplane
5252,ship
5255,ship
5257,ship
5262,deer
5263,airplane
5277,ship
5288,airplane
5308,airplane
5322,deer
5333,frog
5346,ship
5347,airplane
5357,ship
5364,airplane
5370,ship
5377,deer
5391,airplane
5393,ship
5405,airplane
5406,frog
5416,frog
5439,airplane
5461,ship
5472,frog
5474,ship
5487,airplane
5493,frog
5502,airplane
5504,ship
5515,ship
5561,frog
5578,airplane
5581,frog
5586,ship
5591,airplane
5599,frog
5606,airplane
5617,deer
5619,ship
5627,deer
5651,airplane
5658,ship
5662,frog
5666,deer
5670,ship
5689,airplane
5712,airplane
5713,frog
5714,ship
5717,airplane
5718,airplane
5728,ship
5729,frog
5742,airplane
5752,deer
5754,deer
5768,frog
5777,ship
5778,frog
5798,airplane
5805,deer
5814,airplane
5817,frog
5822,deer
5837,frog
5841,airplane
5845,airplane
5859,ship
5863,airplane
5878,airplane
5897,airplane
5908,frog
5931,deer
5941,deer
5951,deer
5955,airplane
5970,airplane
5975,deer
5985,ship
5991,frog
6008,deer
6016,ship
6018,deer
6019,deer
6028,deer
6053,ship
6073,deer
6074,ship
6110,deer
6113,deer
6115,frog
6117,deer
6120,frog
6123,deer
6147,deer
6154,frog
6155,frog
6173,airplane
6178,frog
6181,frog
6184,deer
6186,frog
6203,airplane
6215,frog
6232,airplane
6238,frog
6246,airplane
6259,airplane
6274,deer
6305,ship
6307,frog
6310,ship
6314,airplane
6335,deer
6337,deer
6345,airplane
6347,deer
6356,ship
6360,frog
6365,deer
6370,ship
6375,deer
6398,frog
6402,airplane
6423,frog
6429,deer
6438,deer
6439,frog
6449,frog
6456,frog
6462,deer
6474,airplane
6509,ship
6518,ship
6555,airplane
6567,deer
6588,ship
6592,airplane
6601,deer
6643,ship
6667,airplane
6671,ship
6678,frog
6679,airplane
6680,deer
6695,frog
6707,deer
6711,airplane
6712,ship
6717,frog
6772,ship
6781,airplane
6793,ship
6795,deer
6806,frog
6811,deer
6838,deer
6840,airplane
6846,deer
6857,ship
6858,ship
6886,ship
6897,airplane
6907,deer
6913,airplane
6939,airplane
6948,ship
6957,frog
6958,frog
6962,ship
6971,ship
6975,frog
6977,frog
6985,airplane
6999,frog
7003,deer
7006,airplane
7020,deer
7021,ship
7029,frog
7044,frog
7056,deer
7062,ship
7070,frog
7107,ship
7120,frog
7139,frog
7152,frog
7161,frog
7163,ship
7169,airplane
7176,frog
7179,ship
7187,frog
7189,ship
7193,airplane
7197,frog
7198,ship
7202,airplane
7210,ship
7225,deer
7228,ship
7250,airplane
7253,frog
7271,deer
7274,ship
7283,deer
7286,frog
7329,ship
7342,ship
7369,airplane
7371,airplane
7373,ship
7383,ship
7390,frog
7392,frog
7396,deer
7414,ship
7425,airplane
7435,airplane
7450,airplane
7457,airplane
7466,frog
7468,airplane
7490,airplane
7508,airplane
7509,deer
7512,ship
7519,frog
7524,deer
7527,ship
7529,frog
7536,airplane
7549,frog
7557,airplane
7574,ship
7575,frog
7579,airplane
7588,ship
7609,frog
7614,deer
7628,deer
7636,airplane
7648,deer
7653,frog
7667,ship
7680,airplane
7690,frog
7691,ship
7698,ship
7702,airplane
7703,airplane
7710,ship
7711,ship
7723,ship
7726,ship
7734,ship
7745,ship
7753,ship
7759,airplane
7768,deer
7790,airplane
7793,airplane
7815,ship
7818,frog
7827,frog
7832,airplane
7833,airplane
7838,deer
7849,airplane
7861,ship
7863,deer
7871,airplane
7883,deer
7904,airplane
7913,frog
7917,ship
7921,ship
7923,frog
7926,deer
7939,ship
7988,ship
7993,ship
7995,deer
7996,airplane
8001,airplane
8003,airplane
8016,frog
8028,deer
8052,ship
8057,airplane
8059,frog
8066,airplane
8074,deer
8078,frog
8097,deer
8110,deer
8113,frog
8118,ship
8134,ship
8154,frog
8155,airplane
8176,deer
8180,deer
8183,airplane
8188,deer
8209,frog
8220,deer
8227,deer
8232,deer
8236,airplane
8242,airplane
8256,frog
8258,frog
8279,deer
8307,deer
8322,ship
8326,frog
8328,deer
8330,ship
8336,ship
8362,frog
8365,deer
8372,frog
8385,airplane
8387,deer
8388,frog
8390,deer
8392,airplane
8404,frog
8408,deer
8412,ship
8416,ship
8427,frog
8428,frog
8438,deer
8446,airplane
8449,frog
8477,ship
8478,frog
8482,airplane
8508,airplane
8541,deer
8558,deer
8579,deer
8592,ship
8615,deer
8619,airplane
8624,deer
8629,ship
8637,frog
8640,deer
8647,airplane
8655,deer
8684,airplane
8685,ship
8691,ship
8707,ship
8718,ship
8721,ship
8731,ship
8737,frog
8742,frog
8752,airplane
8757,frog
8758,ship
8761,deer
8765,deer
8784,airplane
8790,ship
8797,airplane
8804,ship
8806,ship
8817,airplane
8828,airplane
8847,airplane
8883,ship
8886,frog
8887,frog
8888,airplane
8917,deer
8923,deer
8928,deer
8942,airplane
8946,airplane
8952,airplane
8965,airplane
8983,frog
9005,frog
9035,ship
9049,frog
9067,airplane
9079,airplane
9083,deer
9088,frog
9090,frog
9095,deer
9136,deer
9143,deer
9149,airplane
9159,airplane
9168,ship
9182,frog
9197,airplane
9227,deer
9246,airplane
9248,frog
9249,airplane
9250,ship
9264,deer
9296,frog
9297,airplane
9301,airplane
9302,ship
9314,deer
9316,ship
9320,ship
9331,deer
9335,deer
9341,deer
9344,ship
9348,ship
9353,ship
9354,frog
9374,frog
9391,frog
9403,deer
9430,deer
9446,ship
9457,ship
9460,frog
9505,frog
9508,frog
9511,frog
9533,ship
9540,frog
9552,airplane
9554,ship
9559,deer
9560,deer
9569,airplane
9593,ship
9598,frog
9607,deer
9618,frog
9621,ship
9630,deer
9660,airplane
9688,ship
9693,airplane
9697,ship
9712,deer
9720,deer
9746,deer
9749,deer
9762,airplane
9763,frog
9791,deer
9792,frog
9797,ship
9799,ship
9812,frog
9826,airplane
9846,airplane
9849,ship
9860,airplane
9883,airplane
9896,airplane
9902,airplane
9904,frog
9958,deer
9960,ship
9970,ship
9992,ship
10030,frog
10040,ship
10050,frog
10052,frog
10072,deer
10076,ship
10078,ship
10087,deer
10096,ship
10099,airplane
10105,airplane
10109,airplane
10137,frog
10138,frog
10160,airplane
10176,airplane
10179,frog
10205,frog
10217,frog
10232,frog
10233,ship
10237,ship
10238,ship
10241,deer
10242,airplane
10245,airplane
10248,airplane
10281,frog
10289,ship
10292,ship
10300,ship
10312,ship
10320,frog
10352,airplane
10358,airplane
10366,frog
10368,frog
10385,airplane
10387,airplane
10389,deer
10398,frog
10419,airplane
10435,ship
10438,deer
10448,airplane
10449,frog
10515,frog
10522,frog
10533,frog
10544,deer
10556,deer
10572,deer
10578,deer
10583,frog
10586,frog
10592,frog
10594,frog
10596,airplane
10606,frog
10611,frog
10618,frog
10621,deer
10633,airplane
10670,ship
10679,deer
10688,deer
10698,frog
10711,deer
10743,airplane
10748,deer
10796,ship
10822,ship
10835,deer
10852,frog
10893,airplane
10910,deer
10917,deer
10919,airplane
10922,deer
10929,airplane
10937,frog
10954,deer
10961,airplane
10964,airplane
10988,frog
11024,deer
11036,frog
11039,deer
11040,frog
11047,deer
11053,deer
11074,deer
11076,ship
11079,frog
11080,frog
11084,frog
11092,deer
11107,deer
11121,deer
11128,ship
11130,ship
11151,frog
11166,airplane
11167,deer
11172,frog
11176,ship
11185,airplane
11191,deer
11195,airplane
11207,frog
11251,airplane
11258,ship
11265,deer
11268,airplane
11271,airplane
11273,frog
11275,frog
11277,frog
11299,frog
11312,ship
11321,ship
11323,deer
11332,ship
11337,airplane
11352,frog
11358,airplane
11360,frog
11368,frog
11383,deer
11384,deer
11406,airplane
11407,frog
11425,deer
11428,deer
11437,frog
11445,deer
11455,frog
11489,frog
11492,deer
11495,deer
11497,frog
11513,frog
11532,deer
11535,deer
11555,ship
11557,ship
11565,airplane
11566,ship
11577,ship
11594,ship
11603,frog
11605,frog
11606,frog
11614,airplane
11621,frog
11623,deer
11635,airplane
11642,airplane
11644,deer
11677,airplane
11679,frog
11688,airplane
11714,ship
11718,deer
11722,deer
11732,ship
11767,ship
11774,frog
11776,airplane
11783,ship
11790,frog
11794,ship
11808,airplane
11817,airplane
11823,frog
11824,airplane
11828,deer
11831,deer
11851,frog
11855,ship
11858,frog
11868,airplane
11878,frog
11885,airplane
11887,deer
11895,ship
11896,frog
11898,deer
11931,frog
11939,airplane
11940,ship
11951,airplane
11960,frog
11964,frog
11980,ship
12008,deer
12009,airplane
12012,deer
12018,airplane
12021,frog
12025,deer
12027,deer
12029,airplane
12031,ship
12032,ship
12043,airplane
12060,deer
12063,airplane
12071,ship
12083,deer
12100,frog
12103,frog
12110,frog
12116,deer
12118,frog
12120,ship
12126,deer
12128,ship
12140,ship
12143,deer
12146,deer
12157,frog
12176,frog
12178,deer
12203,deer
12227,ship
12233,airplane
12239,deer
12250,airplane
12261,airplane
12273,deer
12277,deer
12281,airplane
12300,ship
12311,frog
12316,airplane
12318,airplane
12332,frog
12355,deer
12361,airplane
12375,airplane
12399,deer
12400,deer
12424,ship
12430,deer
12431,ship
12432,ship
12438,ship
12447,airplane
12453,frog
12459,airplane
12461,deer
12468,deer
12474,airplane
12484,frog
12498,airplane
12502,airplane
12509,ship
12520,frog
12523,frog
12536,deer
12541,frog
12546,deer
12553,airplane
12565,ship
12567,deer
12580,frog
12583,frog
12585,frog
12603,deer
12621,airplane
12627,ship
12651,ship
12655,airplane
12683,frog
12691,ship
12703,ship
12712,deer
12713,airplane
12736,frog
12739,frog
12740,deer
12802,ship
12805,airplane
12808,deer
12812,ship
12821,deer
12822,deer
12833,ship
12834,deer
12855,ship
12875,ship
12876,airplane
12888,ship
12898,airplane
12900,deer
12908,airplane
12957,ship
12958,airplane
12966,ship
12967,ship
12972,airplane
12986,deer
12998,airplane
13002,deer
13006,frog
13013,ship
13016,ship
13027,deer
13038,deer
13042,ship
13052,deer
13053,ship
13057,ship
13060,deer
13062,airplane
13073,frog
13075,ship
13081,frog
13088,airplane
13106,ship
13107,airplane
13119,deer
13126,frog
13133,ship
13140,airplane
13150,ship
13167,deer
13171,ship
13177,frog
13182,ship
13241,frog
13256,ship
13264,airplane
13267,deer
13272,airplane
13286,deer
13287,airplane
13288,deer
13298,airplane
13300,frog
13306,ship
13311,deer
13317,frog
13318,airplane
13323,airplane
13324,frog
13336,deer
13341,airplane
13346,frog
13361,frog
13366,ship
13368,deer
13375,ship
13385,airplane
13387,ship
13393,frog
13404,deer
13406,frog
13412,deer
13432,ship
13440,frog
13444,ship
13450,frog
13455,airplane
13461,airplane
13465,airplane
13471,ship
13483,airplane
13486,ship
13494,deer
13506,deer
13510,frog
13546,deer
13547,airplane
13557,airplane
13559,frog
13574,frog
13582,deer
13584,airplane
13589,frog
13594,frog
13606,deer
13620,frog
13627,airplane
13635,airplane
13639,ship
13651,ship
13674,frog
13679,deer
13681,airplane
13699,frog
13700,ship
13702,ship
13719,airplane
13733,frog
13735,ship
13756,frog
13761,deer
13770,airplane
13783,airplane
13784,frog
13817,frog
13819,ship
13829,frog
13830,airplane
13835,ship
13854,frog
13860,frog
13864,ship
13880,frog
13887,deer
13895,airplane
13897,frog
13899,deer
13917,frog
13939,ship
13951,deer
13952,frog
13957,frog
13979,deer
13984,deer
13995,deer
14046,airplane
14048,frog
14050,deer
14072,deer
14074,deer
14078,deer
14084,ship
14092,frog
14094,ship
14114,airplane
14118,ship
14131,airplane
14144,ship
14152,airplane
14162,deer
14175,airplane
14212,deer
14217,deer
14238,frog
14239,ship
14242,ship
14249,deer
14250,airplane
14255,ship
14263,deer
14268,ship
14278,frog
14280,ship
14290,ship
14302,airplane
14312,airplane
14326,deer
14351,frog
14353,ship
14355,ship
14361,ship
14362,frog
14363,frog
14371,ship
14394,deer
14415,airplane
14437,airplane
14443,airplane
14451,deer
14456,deer
14457,airplane
14468,deer
14485,airplane
14496,airplane
14501,airplane
14518,frog
14526,deer
14528,ship
14533,airplane
14534,airplane
14536,deer
14539,frog
14551,ship
14554,frog
14555,ship
14568,deer
14582,frog
14592,airplane
14598,frog
14626,ship
14647,airplane
14649,frog
14660,deer
14663,ship
14666,frog
14672,frog
14685,frog
14688,ship
14700,ship
14707,airplane
14710,ship
14722,frog
14736,airplane
14739,ship
14741,deer
14749,airplane
14781,ship
14807,deer
14813,airplane
14817,ship
14830,airplane
14831,airplane
14840,airplane
14847,airplane
14853,frog
14858,frog
14880,frog
14888,deer
14904,deer
14933,frog
14956,ship
14960,deer
14970,frog
14975,airplane
14977,deer
14979,airplane
14988,ship
14991,ship
14993,ship
14998,frog
15002,deer
15009,ship
15018,frog
15024,frog
15042,ship
15055,frog
15056,deer
15058,ship
15062,frog
15069,airplane
15074,airplane
15077,frog
15087,deer
15095,ship
15113,frog
15114,deer
15127,airplane
15133,ship
15151,airplane
15178,ship
15191,deer
15195,airplane
15210,airplane
15217,deer
15218,deer
15231,ship
15232,deer
15272,frog
15280,deer
15302,frog
15322,ship
15328,ship
15336,ship
15339,deer
15360,ship
15362,airplane
15366,ship
15367,ship
15368,frog
15369,ship
15373,ship
15376,deer
15378,ship
15387,ship
15396,airplane
15398,ship
15402,airplane
15415,airplane
15426,airplane
15454,deer
15471,ship
15474,deer
15479,deer
15480,ship
15498,frog
15520,ship
15525,ship
15559,frog
15571,frog
15577,deer
15587,frog
15597,airplane
15599,deer
15623,ship
15658,frog
15663,deer
15667,ship
15673,airplane
15693,ship
15706,airplane
15712,airplane
15782,deer
15791,airplane
15793,ship
15802,ship
15829,airplane
15833,airplane
15842,frog
15858,ship
15859,ship
15861,deer
15862,ship
15865,airplane
15872,airplane
15899,deer
15913,ship
15915,deer
15920,airplane
15930,frog
15935,frog
15936,frog
15943,ship
15956,airplane
15996,ship
16002,ship
16015,deer
16019,deer
16054,airplane
16063,ship
16065,frog
16070,deer
16073,deer
16077,deer
16099,ship
16105,deer
16120,ship
16123,deer
16132,airplane
16145,ship
16167,ship
16169,airplane
16181,airplane
16188,deer
16204,ship
16206,airplane
16257,airplane
16258,frog
16278,airplane
16318,airplane
16334,ship
16336,ship
16348,airplane
16356,deer
16369,deer
16387,frog
16441,frog
16451,ship
16452,airplane
16458,frog
16485,deer
16513,ship
16525,deer
16527,ship
16528,deer
16530,ship
16531,airplane
16532,frog
16537,deer
16539,frog
16559,frog
16565,frog
16568,frog
16570,deer
16574,airplane
16597,ship
16598,airplane
16606,deer
16618,deer
16645,deer
16648,frog
16658,deer
16675,deer
16676,deer
16697,deer
16714,frog
16728,ship
16733,ship
16734,airplane
16753,airplane
16762,deer
16776,airplane
16779,airplane
16790,airplane
16809,deer
16820,deer
16823,ship
16827,airplane
16834,ship
16838,airplane
16847,deer
16849,deer
16857,ship
16868,frog
16876,deer
16880,airplane
16887,airplane
16897,frog
16899,airplane
16901,airplane
16909,airplane
16925,ship
16930,ship
16944,deer
16951,airplane
16955,deer
16960,airplane
16969,deer
16974,airplane
16978,frog
16988,airplane
16992,frog
16996,deer
17002,airplane
17004,frog
17025,frog
17040,airplane
17043,deer
17061,ship
17063,airplane
17075,airplane
17077,airplane
17081,airplane
17083,deer
17091,frog
17098,ship
17120,frog
17136,ship
17138,deer
17154,ship
17163,deer
17171,frog
17190,frog
17201,deer
17202,ship
17206,airplane
17216,ship
17219,ship
17223,airplane
17245,deer
17254,ship
17270,ship
17271,deer
17281,frog
17291,deer
17293,frog
17309,deer
17332,frog
17365,deer
17374,airplane
17376,frog
17382,frog
17390,ship
17400,frog
17407,airplane
17421,frog
17430,frog
17434,deer
17436,deer
17440,deer
17453,frog
17454,deer
17462,deer
17468,frog
17470,airplane
17491,frog
17517,deer
17521,airplane
17578,ship
17595,airplane
17597,deer
17600,frog
17604,airplane
17607,airplane
17622,ship
17629,airplane
17641,frog
17654,frog
17660,airplane
17661,frog
17672,deer
17683,frog
17688,airplane
17695,airplane
17719,airplane
17725,airplane
17736,airplane
17737,airplane
17740,ship
17766,frog
17774,frog
17782,frog
17796,deer
17805,frog
17818,deer
17829,deer
17831,deer
17840,ship
17851,frog
17866,airplane
17879,ship
17884,ship
17913,airplane
17918,deer
17922,ship
17945,deer
17948,ship
17966,ship
17978,ship
17979,frog
17981,frog
17992,airplane
17998,deer
18004,airplane
18006,deer
18034,ship
18051,deer
18052,deer
18053,airplane
18067,frog
18108,frog
18110,frog
18116,airplane
18132,airplane
18133,airplane
18135,ship
18160,frog
18191,ship
18200,ship
18218,frog
18220,ship
18228,airplane
18232,frog
18234,frog
18238,frog
18267,ship
18281,deer
18285,deer
18298,frog
18306,airplane
18309,ship
18340,frog
18342,ship
18362,deer
18364,ship
18370,deer
18378,ship
18394,deer
18401,frog
18406,airplane
18410,ship
18419,deer
18424,deer
18425,ship
18453,ship
18459,frog
18460,frog
18461,frog
18471,deer
18473,deer
18508,deer
18518,airplane
18542,airplane
18551,airplane
18554,frog
18555,frog
18564,airplane
18569,frog
18571,ship
18577,frog
18584,ship
18604,ship
18638,deer
18639,deer
18647,frog
18653,frog
18661,airplane
18663,ship
18676,ship
18698,ship
18707,deer
18715,ship
18721,deer
18722,deer
18724,ship
18730,frog
18732,deer
18734,airplane
18756,deer
18761,airplane
18763,airplane
18798,airplane
18808,deer
18825,airplane
18832,airplane
18836,airplane
18870,frog
18876,airplane
18878,ship
18884,deer
18888,deer
18894,ship
18895,airplane
18900,airplane
18918,airplane
18930,deer
18932,deer
18936,airplane
18944,airplane
18954,airplane
18963,ship
18967,airplane
18980,airplane
18999,deer
19005,frog
19009,ship
19031,frog
19039,frog
19040,deer
19052,deer
19083,airplane
19084,frog
19095,ship
19125,frog
19145,deer
19149,deer
19170,airplane
19172,deer
19177,deer
19180,airplane
19205,frog
19209,ship
19211,airplane
19216,airplane
19240,airplane
19285,frog
19314,ship
19336,ship
19348,frog
19375,frog
19383,airplane
19405,ship
19411,ship
19430,deer
19437,ship
19440,airplane
19442,airplane
19462,deer
19480,frog
19488,ship
19498,ship
19505,airplane
19527,frog
19529,deer
19538,deer
19547,airplane
19558,ship
19566,deer
19573,frog
19595,ship
19596,deer
19597,frog
19600,deer
19607,airplane
19609,airplane
19614,frog
19615,frog
19654,airplane
19663,frog
19664,deer
19696,frog
19703,deer
19724,ship
19732,ship
19764,ship
19777,ship
19804,deer
19805,deer
19816,frog
19822,ship
19829,frog
19841,ship
19860,frog
19881,ship
19889,frog
19919,ship
19953,airplane
19965,frog
19979,frog
19982,deer
19985,deer
19995,deer
19998,airplane
